OrderID,OrderDate,CustomerID,SalesRepID
13647632,01/01/11,18,4
24869686,01/03/11,15,2
24939443,01/04/11,12,9
12942451,01/04/11,4,5
23848439,01/05/11,4,4
25433855,01/07/11,15,3
14546695,01/08/11,4,3
21466305,01/11/11,7,1
24359424,01/11/11,4,8
25158390,01/11/11,9,9
21460199,01/12/11,2,5
24976144,01/12/11,15,6
25040255,01/12/11,14,2
15340302,01/13/11,17,
15951216,01/13/11,16,4
21043483,01/14/11,7,9
23661686,01/15/11,20,2
11373680,01/17/11,11,8
24174897,01/18/11,1,
24825230,01/18/11,15,3
21690587,01/19/11,7,3
23666932,01/19/11,20,
21122594,01/20/11,13,3
23229667,01/21/11,15,6
23906248,01/22/11,8,4
25497239,01/22/11,5,3
25158376,01/24/11,8,2
12413417,01/24/11,9,9
23746760,01/25/11,16,8
24880899,01/25/11,1,1
23429709,01/26/11,11,9
23940520,01/26/11,1,2
14233239,01/26/11,17,8
14728742,01/28/11,13,2
22205486,02/01/11,11,6
25460465,02/01/11,8,5
21640672,02/02/11,9,8
22511634,02/02/11,5,1
22734651,02/02/11,12,10
23188488,02/02/11,20,3
23642330,02/02/11,5,6
11877466,02/02/11,5,4
14488946,02/02/11,7,9
15645183,02/03/11,8,7
23354251,02/04/11,20,3
22367994,02/07/11,1,8
22857462,02/07/11,2,1
22608306,02/08/11,13,2
22722980,02/09/11,4,3
24342226,02/09/11,11,9
25389664,02/09/11,4,9
23818297,02/10/11,19,9
24632225,02/10/11,11,2
24744800,02/10/11,8,3
11181278,02/10/11,19,2
22543443,02/14/11,17,8
11044550,02/15/11,17,6
13264984,02/15/11,6,9
11978668,02/16/11,17,8
21720401,02/18/11,19,8
25118812,02/18/11,15,5
25987802,02/18/11,15,10
24052630,02/21/11,10,4
13284965,02/21/11,12,4
23353574,02/22/11,14,2
24187064,02/22/11,19,3
14664416,02/22/11,12,
12889545,02/23/11,1,2
22377967,02/24/11,19,1
13203475,02/26/11,11,
21416586,03/01/11,11,
21517387,03/01/11,15,9
21705541,03/01/11,5,5
22010166,03/01/11,9,1
23227800,03/01/11,13,
23893444,03/01/11,5,4
21708225,03/03/11,11,
24410046,03/07/11,16,2
22535754,03/08/11,8,5
23832823,03/09/11,4,8
22711513,03/10/11,19,2
23468356,03/10/11,10,5
24509445,03/10/11,10,
21001989,03/11/11,16,6
24993136,03/11/11,14,10
22933675,03/12/11,12,
23979558,03/12/11,20,9
23003511,03/14/11,16,4
23739047,03/14/11,11,10
24699764,03/14/11,13,10
24753236,03/14/11,2,7
11765076,03/15/11,7,
22587200,03/16/11,16,3
25099069,03/17/11,2,3
21436413,03/18/11,8,7
25522951,03/18/11,10,
21637634,03/21/11,19,10
23158300,03/21/11,1,5
23528133,03/21/11,1,4
25083176,03/21/11,8,2
14381191,03/21/11,3,5
23948308,03/22/11,11,
25263174,03/23/11,1,10
25504927,03/24/11,20,7
22140658,03/25/11,6,5
23679996,03/25/11,8,
25879155,03/25/11,5,6
12306373,03/25/11,20,
22266801,03/26/11,6,10
15078476,03/26/11,15,1
24814310,03/28/11,15,7
14692210,03/28/11,15,3
25610862,03/29/11,17,1
13424830,03/29/11,9,6
25861038,03/30/11,12,10
23721082,03/31/11,16,4
25287434,03/31/11,5,10
15233011,03/31/11,14,8
24237527,04/01/11,12,7
13468929,04/01/11,15,5
23072555,04/04/11,10,4
24146320,04/04/11,8,6
25430994,04/04/11,12,7
25185093,04/05/11,17,
21386961,04/06/11,1,
21444426,04/06/11,18,1
24472015,04/07/11,15,1
25244045,04/07/11,7,10
11716540,04/09/11,11,5
23192576,04/11/11,16,8
23376060,04/11/11,4,3
24864498,04/12/11,17,5
12419493,04/12/11,4,10
22266607,04/14/11,14,7
25680692,04/14/11,4,2
21525428,04/15/11,20,7
12779559,04/16/11,18,3
22835499,04/18/11,15,
25178055,04/18/11,6,7
15063480,04/18/11,6,6
22696233,04/19/11,4,4
25498995,04/19/11,5,1
21520567,04/20/11,19,8
25707696,04/20/11,8,4
11904026,04/20/11,14,9
21443340,04/21/11,9,4
24240706,04/22/11,2,6
12459755,04/25/11,7,5
24016076,04/26/11,10,
25090278,04/26/11,14,9
12185983,04/26/11,15,2
12852736,04/26/11,13,9
22729747,04/27/11,3,4
24852530,04/27/11,18,2
12075149,04/27/11,5,5
13896198,04/27/11,10,9
22813459,04/28/11,3,
21140474,04/29/11,4,9
22755002,04/29/11,2,3
22776937,04/29/11,20,5
22994694,04/29/11,2,
24920475,04/29/11,12,2
25957871,04/29/11,19,4
22111237,05/02/11,18,1
24549921,05/02/11,1,10
22132896,05/03/11,19,5
22087362,05/04/11,20,
23249098,05/04/11,13,
23431770,05/04/11,5,1
25158527,05/04/11,8,5
25276461,05/04/11,19,5
25793145,05/05/11,18,4
12558119,05/05/11,12,4
25867278,05/06/11,3,3
23403155,05/07/11,13,
13053644,05/07/11,14,4
12204228,05/09/11,4,9
15643162,05/09/11,9,10
23793897,05/10/11,19,2
24021337,05/10/11,10,10
11460998,05/10/11,5,1
12660642,05/10/11,1,7
14599620,05/11/11,6,2
23051209,05/12/11,4,1
11939979,05/12/11,12,
21589842,05/13/11,20,3
23814733,05/13/11,6,
23933819,05/15/11,15,9
13667641,05/16/11,2,3
25953080,05/17/11,19,6
22210233,05/18/11,16,7
22942755,05/18/11,12,3
24932761,05/18/11,16,2
15001014,05/18/11,17,4
23321216,05/19/11,17,10
24517621,05/19/11,17,3
22333773,05/21/11,6,6
11521406,05/21/11,12,9
11780558,05/25/11,11,9
23366039,05/26/11,11,8
23517120,05/26/11,7,5
25540627,05/26/11,2,
21657853,05/27/11,12,3
23846264,05/27/11,11,4
13515682,05/27/11,3,10
22520395,05/28/11,17,5
15629016,05/30/11,10,6
13076849,05/31/11,9,8
21010958,06/01/11,14,1
21441570,06/01/11,20,3
22801336,06/01/11,18,4
23108517,06/01/11,14,6
24040727,06/01/11,17,
25940123,06/01/11,8,8
23525697,06/02/11,16,5
23684586,06/02/11,15,10
14812190,06/02/11,5,4
15193547,06/02/11,19,7
15495847,06/03/11,12,
22486841,06/04/11,12,4
14603506,06/04/11,9,2
22464932,06/06/11,10,9
23630624,06/06/11,7,
23876549,06/06/11,13,1
24767717,06/06/11,8,
25444769,06/06/11,9,1
25754966,06/06/11,9,5
11152860,06/06/11,1,7
21137137,06/07/11,15,4
21455810,06/07/11,6,6
21748043,06/07/11,4,10
24691256,06/07/11,1,8
24845310,06/07/11,1,
25814037,06/07/11,2,3
12011704,06/07/11,4,3
12159764,06/07/11,1,2
22399281,06/08/11,11,9
23540276,06/08/11,19,6
23953366,06/08/11,5,3
24077297,06/08/11,13,3
22858219,06/09/11,19,6
23862536,06/09/11,17,8
24351826,06/09/11,17,10
13466484,06/09/11,4,3
15721470,06/09/11,10,5
23972371,06/10/11,15,6
12975588,06/10/11,8,8
14648014,06/10/11,5,9
21858721,06/11/11,12,4
22542245,06/11/11,18,
21276768,06/13/11,11,9
21749151,06/13/11,14,9
25039850,06/13/11,18,2
25596924,06/13/11,2,6
21418466,06/14/11,18,2
23398154,06/14/11,16,3
24815184,06/14/11,11,2
21536399,06/15/11,18,4
23286627,06/15/11,6,
12911544,06/15/11,12,7
21586186,06/16/11,14,2
24240072,06/16/11,17,9
24351366,06/16/11,18,3
24741318,06/16/11,5,4
11925845,06/16/11,2,6
21951083,06/17/11,5,9
25952460,06/17/11,16,9
14320455,06/17/11,13,1
14913699,06/17/11,10,9
15810579,06/17/11,10,1
21974768,06/18/11,7,7
25273102,06/18/11,1,1
14752666,06/18/11,19,2
22931507,06/20/11,15,8
24806518,06/20/11,2,3
14726397,06/20/11,7,4
22621167,06/21/11,20,4
21259965,06/22/11,1,3
21868803,06/22/11,19,9
22413369,06/22/11,8,10
23654318,06/22/11,18,8
24154402,06/22/11,1,3
15781543,06/22/11,3,5
21562184,06/24/11,15,10
25867473,06/24/11,14,3
11887131,06/24/11,17,4
12289083,06/24/11,19,2
13462831,06/25/11,3,2
21630549,06/27/11,10,7
21689666,06/27/11,6,2
21702031,06/27/11,13,7
21815211,06/27/11,15,2
22071029,06/27/11,12,
25253790,06/27/11,13,7
25499567,06/27/11,14,10
15084706,06/27/11,1,3
22736116,06/28/11,4,6
23276063,06/28/11,5,
23978514,06/28/11,1,4
25298002,06/28/11,11,6
14028329,06/28/11,3,5
23080574,06/29/11,13,10
15334146,06/29/11,15,8
25729514,07/01/11,20,1
11260172,07/02/11,14,10
23965225,07/06/11,2,2
24821517,07/06/11,10,1
25743387,07/06/11,1,10
23814488,07/07/11,1,10
23616229,07/08/11,14,9
24514717,07/08/11,6,3
21322522,07/09/11,19,
25693995,07/09/11,11,8
23975285,07/11/11,1,2
21084683,07/12/11,19,6
22625537,07/12/11,10,1
24384804,07/12/11,7,10
14004093,07/12/11,4,3
21849602,07/13/11,7,9
21210983,07/14/11,14,9
11646767,07/14/11,12,4
25605335,07/16/11,5,9
21647855,07/18/11,15,5
24314290,07/18/11,12,10
22410472,07/20/11,2,4
12226067,07/20/11,10,5
15521557,07/21/11,8,4
21656997,07/22/11,1,10
14977940,07/24/11,15,1
25239101,07/26/11,7,7
21916591,07/27/11,2,10
23074997,07/27/11,7,10
24024349,07/27/11,3,
13202706,07/27/11,11,6
15718509,07/27/11,5,8
23954575,07/28/11,20,7
14685233,07/28/11,12,9
22041772,07/29/11,19,2
23864297,07/29/11,18,3
11626202,07/29/11,16,2
24261696,07/31/11,2,5
24805316,07/31/11,4,7
22264751,08/01/11,12,9
25532122,08/01/11,13,8
24188705,08/02/11,18,6
21679370,08/03/11,9,10
22230157,08/03/11,1,7
22954601,08/03/11,12,2
25585896,08/03/11,20,2
13760449,08/03/11,9,4
22469850,08/04/11,12,1
25335946,08/04/11,1,1
25421072,08/04/11,16,4
23159486,08/05/11,14,4
24256146,08/05/11,11,5
25699335,08/05/11,19,2
13708838,08/05/11,2,1
25666533,08/06/11,18,2
24405425,08/07/11,5,4
21591803,08/08/11,18,2
24154564,08/08/11,12,7
21417751,08/09/11,9,7
21480594,08/09/11,11,
22585328,08/09/11,19,4
22695590,08/09/11,17,3
22720769,08/09/11,16,1
23670390,08/09/11,16,2
25389104,08/09/11,15,10
25775498,08/09/11,2,8
25803751,08/09/11,13,10
21761215,08/10/11,2,3
22257437,08/10/11,4,4
22969148,08/11/11,2,7
25539778,08/11/11,14,6
25579266,08/11/11,9,7
25644297,08/11/11,19,9
21886093,08/12/11,12,8
22087720,08/12/11,12,10
24606457,08/12/11,6,6
25827080,08/12/11,7,
14318512,08/12/11,17,10
21579115,08/15/11,12,9
22302372,08/15/11,10,2
22324896,08/15/11,13,8
22571502,08/15/11,8,9
24942506,08/15/11,4,5
25630309,08/15/11,10,10
21712442,08/16/11,9,4
21881074,08/16/11,2,9
23215372,08/16/11,2,4
24292823,08/16/11,12,7
24421897,08/17/11,6,
11298611,08/17/11,19,6
21930667,08/18/11,20,3
22720307,08/18/11,19,1
23737786,08/18/11,15,8
11088680,08/18/11,13,7
12753313,08/18/11,6,8
22246685,08/19/11,5,3
22566881,08/21/11,5,6
25340910,08/21/11,1,8
15361439,08/21/11,15,7
23937871,08/22/11,20,
21950038,08/23/11,18,7
22225020,08/23/11,10,4
24372047,08/23/11,11,7
15808077,08/23/11,10,6
21088527,08/24/11,9,3
24351964,08/24/11,20,5
11471798,08/24/11,13,1
12506333,08/24/11,1,5
21494790,08/25/11,12,2
22337809,08/25/11,2,1
22972550,08/25/11,16,4
24942190,08/25/11,20,9
25483343,08/25/11,12,2
11549226,08/25/11,4,5
23711955,08/26/11,11,2
24156324,08/26/11,7,10
24801998,08/26/11,16,3
24894552,08/26/11,15,4
25235241,08/26/11,16,
23081212,08/27/11,4,5
23945713,08/27/11,15,2
24776761,08/27/11,13,2
25227949,08/27/11,11,8
13941469,08/29/11,4,3
15115918,08/29/11,3,7
23734581,08/30/11,7,9
24184901,08/30/11,2,3
11097469,08/30/11,19,2
14045107,08/30/11,19,4
21401137,08/31/11,12,10
21539879,08/31/11,7,1
22123345,09/01/11,7,5
14081442,09/01/11,17,3
14626649,09/01/11,12,1
22681822,09/02/11,6,7
22886437,09/02/11,15,7
23577688,09/02/11,16,
21818378,09/03/11,3,6
12668777,09/03/11,10,
24557691,09/05/11,19,8
21875818,09/06/11,3,7
22382517,09/06/11,12,6
25729876,09/06/11,4,10
12800134,09/06/11,6,4
22627929,09/07/11,1,9
22187197,09/08/11,12,10
22619050,09/08/11,13,
23248922,09/08/11,11,7
23448503,09/08/11,20,7
22613634,09/09/11,15,7
25496709,09/09/11,10,7
22069466,09/10/11,10,3
21458159,09/12/11,11,3
13157915,09/12/11,6,1
13267917,09/12/11,7,3
22979959,09/13/11,15,4
25265774,09/13/11,20,6
22130034,09/14/11,18,10
22660418,09/14/11,4,4
23284889,09/14/11,10,10
24145029,09/14/11,16,1
24508489,09/14/11,15,3
25177366,09/14/11,4,9
15663038,09/14/11,3,1
21770042,09/15/11,17,4
23848020,09/15/11,10,7
24587082,09/15/11,20,4
11165265,09/15/11,12,6
11327965,09/15/11,8,8
13586982,09/15/11,13,2
22592061,09/16/11,9,3
22846240,09/16/11,18,3
24507133,09/16/11,13,6
25380791,09/16/11,12,5
23202814,09/17/11,2,5
23285117,09/17/11,9,7
25608714,09/18/11,5,7
21647523,09/19/11,10,3
21653919,09/19/11,9,7
24314394,09/19/11,19,7
25649807,09/19/11,8,9
25957496,09/19/11,17,4
14311428,09/19/11,8,9
21419565,09/20/11,19,2
21426891,09/20/11,20,2
21941919,09/20/11,17,8
22021080,09/20/11,6,
23714548,09/20/11,6,3
25083754,09/20/11,14,8
25315807,09/20/11,1,2
22945927,09/21/11,16,
14771701,09/21/11,18,9
23369614,09/22/11,12,9
24709704,09/22/11,9,8
25796288,09/22/11,20,9
25858551,09/22/11,5,4
25912381,09/22/11,8,7
23667388,09/23/11,13,10
25356008,09/23/11,17,3
25441485,09/23/11,17,1
13183678,09/23/11,5,
15351596,09/23/11,18,5
21012469,09/24/11,19,3
23156142,09/24/11,12,
21708709,09/26/11,9,8
25908162,09/26/11,6,4
11900372,09/26/11,9,5
12743644,09/26/11,14,9
23186072,09/27/11,1,1
24106405,09/27/11,10,1
25251246,09/27/11,9,8
25426048,09/27/11,13,1
25739780,09/27/11,3,10
13459226,09/27/11,9,3
15015979,09/27/11,5,7
22347754,09/28/11,12,8
22822760,09/28/11,9,7
22867068,09/28/11,3,
24366058,09/28/11,17,1
25008680,09/28/11,13,
25269399,09/28/11,18,9
21456978,09/29/11,8,8
21878168,09/29/11,5,7
23822720,09/29/11,2,10
21222857,09/30/11,12,2
21702658,09/30/11,6,10
22677554,09/30/11,13,4
23020748,09/30/11,20,2
13461936,10/03/11,17,6
23592923,10/04/11,1,
24316248,10/06/11,3,8
23041134,10/07/11,16,
23249450,10/08/11,20,10
15001459,10/08/11,7,9
23058868,10/10/11,13,7
24443251,10/10/11,6,1
25464858,10/10/11,14,10
21273737,10/11/11,11,10
21878479,10/11/11,17,7
22045003,10/11/11,8,1
21941756,10/12/11,15,3
14480159,10/12/11,19,6
23259196,10/13/11,5,10
11289488,10/13/11,10,10
24694484,10/14/11,18,3
25961845,10/14/11,4,7
25834860,10/17/11,11,2
22673474,10/18/11,7,10
22083843,10/19/11,15,2
15989878,10/19/11,17,8
22520255,10/20/11,14,2
24559599,10/20/11,6,6
12600640,10/20/11,4,3
24816650,10/21/11,12,9
23540258,10/22/11,6,7
24395271,10/22/11,10,9
21228490,10/24/11,4,7
14259846,10/24/11,5,3
22872060,10/25/11,16,3
15982785,10/25/11,10,2
25186238,10/26/11,15,6
21298103,10/27/11,8,2
14378136,10/28/11,18,1
21205554,10/31/11,7,5
21502054,10/31/11,8,9
11396210,10/31/11,7,5
23257006,11/01/11,4,6
24915337,11/01/11,15,2
25383642,11/01/11,16,5
14243443,11/01/11,6,6
14711868,11/01/11,10,10
21141056,11/02/11,12,3
23028321,11/02/11,18,5
23401415,11/02/11,5,4
25095223,11/02/11,18,1
25941122,11/02/11,18,5
11781238,11/02/11,4,9
22174124,11/03/11,4,4
22861735,11/03/11,16,9
22962852,11/03/11,19,2
23481511,11/03/11,2,1
23857347,11/03/11,11,6
24028861,11/03/11,14,5
25965144,11/03/11,15,2
13702883,11/03/11,16,6
23106999,11/04/11,14,
23911616,11/04/11,10,8
24946017,11/04/11,15,7
25506008,11/04/11,9,3
25921152,11/04/11,1,8
11802563,11/04/11,14,9
24500805,11/05/11,20,6
13528798,11/06/11,7,7
21136913,11/07/11,2,10
22401476,11/07/11,3,
22542728,11/08/11,1,4
24335040,11/08/11,8,7
24705117,11/08/11,19,10
25658621,11/08/11,9,2
25693005,11/08/11,2,6
24585835,11/09/11,20,6
24919091,11/09/11,14,7
22258386,11/10/11,5,
24411711,11/10/11,1,5
24450781,11/10/11,11,6
25378520,11/10/11,2,4
12556136,11/10/11,9,6
14770705,11/10/11,20,1
14688263,11/11/11,9,
22046816,11/13/11,12,4
23109529,11/14/11,8,2
13643140,11/14/11,17,5
21244060,11/15/11,3,1
23780358,11/15/11,4,2
25010472,11/15/11,5,4
24302063,11/16/11,19,5
11320928,11/16/11,1,1
22287259,11/17/11,17,
11573599,11/17/11,19,5
14968367,11/17/11,5,2
23749098,11/18/11,12,1
12051710,11/19/11,11,4
23421954,11/21/11,4,
25894162,11/21/11,15,
12516674,11/21/11,2,9
22076928,11/22/11,20,6
22379967,11/22/11,9,7
22907593,11/22/11,15,3
25032747,11/22/11,7,10
15910162,11/22/11,4,7
23121115,11/23/11,4,8
23717351,11/23/11,16,2
21611223,11/24/11,9,4
23617816,11/25/11,8,6
15217561,11/25/11,19,3
24093113,11/26/11,3,10
24877774,11/26/11,15,5
13410434,11/26/11,2,3
22570414,11/27/11,3,3
14370630,11/27/11,14,3
23367036,11/28/11,4,6
23470557,11/28/11,2,7
14317663,11/28/11,14,9
14565126,11/28/11,12,10
21786064,11/29/11,7,3
25507767,11/29/11,7,3
12725191,11/29/11,20,2
21590255,11/30/11,7,9
24450646,11/30/11,12,7
11258830,11/30/11,17,2
13270900,11/30/11,11,
23614277,12/01/11,14,8
25125239,12/01/11,18,4
25407941,12/01/11,19,
15348771,12/01/11,10,
15515844,12/01/11,3,
22719699,12/02/11,13,4
23341008,12/02/11,6,9
24392169,12/02/11,15,8
25089231,12/02/11,1,2
22314308,12/03/11,12,1
24141275,12/03/11,16,10
21527372,12/05/11,4,6
25950121,12/05/11,14,1
22072928,12/06/11,7,10
23142386,12/06/11,11,6
23291135,12/06/11,15,10
23729382,12/06/11,9,8
24479011,12/06/11,1,5
21962134,12/07/11,4,8
23870093,12/07/11,16,6
21196075,12/08/11,2,
23002504,12/08/11,14,7
24620955,12/08/11,12,2
12568112,12/08/11,3,8
24272488,12/09/11,5,6
25898391,12/09/11,6,8
24665208,12/10/11,19,2
25867926,12/10/11,16,9
13513943,12/10/11,6,2
14230809,12/10/11,11,1
23356037,12/12/11,14,4
23947498,12/12/11,13,6
12866156,12/12/11,4,6
12359180,12/13/11,4,8
12421873,12/13/11,8,8
12709916,12/13/11,3,4
12861112,12/13/11,11,5
13784375,12/13/11,6,2
14913414,12/13/11,12,10
15091991,12/13/11,2,4
14264595,12/14/11,4,7
22093980,12/15/11,19,
22339332,12/15/11,4,1
23091823,12/15/11,17,10
23134727,12/15/11,18,4
23136087,12/15/11,2,4
25201850,12/15/11,14,4
22117222,12/16/11,11,8
23394310,12/16/11,8,4
21058269,12/17/11,9,1
21119145,12/17/11,5,4
22950882,12/17/11,7,5
13745230,12/17/11,10,5
22251272,12/19/11,19,5
25701425,12/19/11,3,9
25911716,12/19/11,20,
12323076,12/19/11,3,4
21782465,12/20/11,9,1
22880425,12/20/11,15,5
24169574,12/20/11,18,6
24178211,12/20/11,1,
24485758,12/20/11,14,3
24688304,12/20/11,14,5
14429506,12/20/11,18,4
24731879,12/21/11,3,10
25220738,12/21/11,4,8
12803139,12/21/11,5,9
13977380,12/21/11,4,3
21537002,12/22/11,2,2
21698059,12/22/11,9,2
12241184,12/22/11,3,8
22470488,12/23/11,5,4
12992208,12/23/11,4,6
23523269,12/24/11,8,8
22836248,12/26/11,14,2
23119147,12/26/11,5,7
24401446,12/26/11,8,6
25682053,12/26/11,4,8
13911927,12/26/11,4,8
14409734,12/26/11,5,6
21831867,12/27/11,1,6
22272875,12/27/11,6,10
12396037,12/27/11,7,6
14060327,12/27/11,9,7
14618152,12/27/11,8,8
22009539,12/28/11,1,10
22231102,12/28/11,6,1
23228532,12/28/11,5,8
25338028,12/28/11,11,8
12624729,12/28/11,3,6
24335650,12/29/11,17,1
24715440,12/29/11,6,7
13731484,12/29/11,12,7
22371090,12/30/11,5,7
22417338,12/30/11,8,6
22466466,12/30/11,11,7
23995423,12/30/11,6,4
23308849,01/02/12,11,10
24964549,01/02/12,9,7
21001305,01/03/12,19,
23512904,01/03/12,16,3
23247635,01/04/12,11,2
21558843,01/05/12,11,5
21978402,01/05/12,20,9
23144294,01/05/12,10,10
24984653,01/05/12,14,9
11509619,01/05/12,8,4
23025991,01/06/12,2,10
23480401,01/07/12,3,
25100288,01/07/12,3,
11856860,01/07/12,14,2
21023382,01/09/12,18,8
21177332,01/09/12,11,8
25580875,01/09/12,3,2
22160548,01/10/12,19,6
22287053,01/10/12,5,7
21672765,01/11/12,15,2
22522806,01/12/12,4,10
25755966,01/12/12,19,4
25120264,01/13/12,15,1
25327902,01/13/12,19,8
22393484,01/14/12,8,9
21513143,01/16/12,10,8
22716574,01/16/12,20,9
23868505,01/16/12,5,6
13646834,01/16/12,16,4
13796476,01/16/12,6,5
11765963,01/17/12,8,1
21667548,01/18/12,18,7
22865767,01/18/12,13,
23640830,01/18/12,1,8
25659427,01/18/12,15,7
11204965,01/19/12,1,10
23079444,01/20/12,19,
12732419,01/20/12,17,10
25613626,01/22/12,9,9
22242548,01/23/12,2,3
15130228,01/23/12,17,8
15303768,01/23/12,15,1
22374376,01/24/12,18,6
25371207,01/24/12,13,6
12637730,01/24/12,17,6
14635720,01/24/12,20,8
22077845,01/25/12,8,9
22756176,01/25/12,4,5
24959803,01/25/12,3,6
25188979,01/25/12,9,10
23757629,01/27/12,16,3
24806252,01/27/12,3,8
15199936,01/27/12,20,8
21071143,01/28/12,8,
22387374,01/30/12,8,3
23278844,01/30/12,10,8
24014694,01/30/12,13,4
22785188,02/01/12,6,3
22694947,02/02/12,15,7
24445402,02/02/12,17,8
21411725,02/03/12,18,
23493303,02/03/12,19,1
14005393,02/04/12,10,8
24133534,02/06/12,14,5
25307098,02/06/12,13,1
21674960,02/07/12,1,1
25709491,02/07/12,5,5
25954014,02/07/12,12,9
24602933,02/08/12,2,
21606540,02/09/12,6,5
23225401,02/09/12,12,6
23530985,02/09/12,4,6
21428608,02/10/12,9,1
12701284,02/11/12,4,4
21059749,02/13/12,16,8
23098892,02/14/12,9,8
25808020,02/14/12,14,10
21663353,02/15/12,19,
22974297,02/15/12,13,8
14084224,02/15/12,6,10
23438393,02/18/12,12,4
12429268,02/18/12,4,5
14967576,02/18/12,14,8
25356719,02/20/12,2,2
21444969,02/21/12,5,7
24379168,02/22/12,9,4
25365524,02/22/12,3,3
11819598,02/22/12,11,9
21439357,02/23/12,17,2
21742205,02/23/12,12,1
24736606,02/27/12,19,1
22930401,02/28/12,8,5
22947739,02/28/12,11,9
11197304,02/28/12,7,6
22701376,02/29/12,17,7
22363775,03/01/12,7,4
22309141,03/02/12,4,3
22332844,03/02/12,3,7
23863050,03/02/12,3,9
24160852,03/02/12,9,9
24293573,03/03/12,14,4
23738573,03/05/12,13,6
25566593,03/05/12,18,3
15774254,03/05/12,9,5
25645358,03/06/12,14,5
12565333,03/06/12,1,4
15141433,03/06/12,14,3
22195955,03/07/12,15,10
22541285,03/07/12,8,
22563560,03/07/12,6,1
25843148,03/07/12,6,2
11032855,03/07/12,15,1
12122628,03/07/12,1,5
24942348,03/08/12,19,5
22458009,03/09/12,19,3
25451215,03/09/12,18,7
15212034,03/09/12,14,9
24291867,03/12/12,19,2
11576508,03/13/12,1,3
13170764,03/13/12,13,7
13641925,03/13/12,13,5
13719538,03/13/12,9,5
23034225,03/14/12,1,8
12008620,03/14/12,12,5
12093927,03/14/12,6,
22946531,03/15/12,4,1
23412393,03/15/12,5,
13620342,03/15/12,17,5
13986604,03/15/12,7,
15245986,03/15/12,10,3
24825433,03/16/12,13,4
14810258,03/16/12,10,2
15960351,03/16/12,2,5
22809459,03/17/12,2,1
23748239,03/17/12,4,6
25419499,03/17/12,15,9
21942082,03/19/12,12,1
22280466,03/19/12,7,3
23155394,03/19/12,17,10
24072999,03/19/12,15,
25159841,03/19/12,4,5
13091951,03/19/12,3,9
22501542,03/20/12,14,5
22621001,03/20/12,4,3
23613797,03/20/12,7,7
21678413,03/21/12,18,7
24250639,03/22/12,3,5
24616664,03/22/12,15,4
25897153,03/22/12,13,3
12472329,03/22/12,18,5
23494145,03/23/12,6,2
23898439,03/23/12,1,
15703527,03/23/12,18,7
22155276,03/24/12,13,7
25968338,03/24/12,19,1
22483866,03/26/12,1,7
23231769,03/26/12,6,
24840257,03/26/12,6,5
24907749,03/26/12,2,5
22084881,03/27/12,4,2
24007496,03/27/12,12,5
24159779,03/27/12,13,2
24549533,03/28/12,19,5
25269514,03/29/12,2,3
14452672,03/29/12,6,
22055382,03/30/12,8,7
12203661,03/30/12,5,6
21965184,03/31/12,13,5
24101342,03/31/12,5,9
21363320,04/02/12,13,10
22072341,04/02/12,13,1
22680695,04/03/12,20,4
23099065,04/03/12,19,9
24784843,04/03/12,8,8
25635375,04/04/12,5,9
25757351,04/04/12,11,10
22314672,04/05/12,10,7
21526126,04/06/12,8,6
22468555,04/06/12,6,2
15173520,04/06/12,5,6
24656026,04/07/12,20,7
23566481,04/09/12,19,3
23710236,04/09/12,1,2
23987473,04/09/12,13,5
23770443,04/10/12,9,10
24677834,04/10/12,13,9
25994251,04/10/12,7,3
12834141,04/10/12,7,7
22080192,04/11/12,15,2
12415775,04/12/12,16,6
21986848,04/13/12,20,8
12699123,04/13/12,10,6
14367428,04/13/12,8,6
21553989,04/14/12,15,9
24227357,04/16/12,11,
11651208,04/16/12,17,3
12478809,04/16/12,17,4
21496224,04/17/12,18,8
21944737,04/19/12,9,
25507408,04/19/12,4,7
21552977,04/20/12,7,10
21951025,04/20/12,10,4
24668554,04/20/12,11,8
22183106,04/22/12,19,5
14831874,04/22/12,4,10
21157133,04/23/12,4,2
21517831,04/23/12,1,10
25824366,04/23/12,10,6
21923654,04/24/12,9,6
24741193,04/24/12,13,9
25384501,04/24/12,16,9
15580946,04/25/12,16,3
23374683,04/26/12,12,4
25916678,04/26/12,17,4
11180980,04/26/12,17,1
21324546,04/27/12,12,3
21763830,04/27/12,2,5
22471764,04/27/12,1,9
23337263,04/27/12,17,4
25336654,04/27/12,15,3
12539640,04/27/12,9,8
22456263,04/28/12,6,2
15235697,04/28/12,14,8
23667418,04/30/12,18,4
22680511,05/01/12,8,
25249245,05/01/12,18,7
13559379,05/01/12,1,7
22938951,05/03/12,7,2
24139746,05/08/12,3,5
15787277,05/08/12,6,2
21199538,05/09/12,20,
25466966,05/09/12,13,7
14187289,05/09/12,1,6
21431851,05/11/12,8,10
22766375,05/11/12,11,3
25845607,05/11/12,12,
21671236,05/12/12,15,5
21422192,05/13/12,1,4
24021910,05/14/12,12,9
25522696,05/14/12,3,
25557687,05/14/12,16,10
21298741,05/15/12,4,10
22424030,05/15/12,19,3
22488132,05/15/12,20,7
15870634,05/15/12,15,9
22960821,05/16/12,11,
25681163,05/16/12,11,5
21691714,05/17/12,5,9
24711472,05/17/12,11,3
23274675,05/18/12,17,10
24071187,05/18/12,4,7
13681832,05/18/12,17,5
22359818,05/21/12,10,
24485887,05/21/12,8,8
25125870,05/21/12,10,2
25770374,05/21/12,15,9
25833893,05/21/12,2,2
13676319,05/21/12,14,8
22650623,05/22/12,15,3
22654005,05/22/12,19,10
25325598,05/22/12,19,2
22209297,05/23/12,7,9
25630828,05/24/12,16,3
12399688,05/24/12,18,
21712951,05/25/12,18,7
22229637,05/25/12,3,10
22339134,05/26/12,20,7
25967582,05/28/12,13,
25284545,05/29/12,4,
25671193,05/29/12,11,6
12368261,05/30/12,16,10
21779420,05/31/12,11,8
22102738,05/31/12,1,6
22289922,05/31/12,17,6
12675422,05/31/12,3,8
21760393,06/01/12,10,6
22780126,06/01/12,11,4
22867475,06/01/12,19,9
24869643,06/01/12,3,8
25273222,06/01/12,7,6
25944655,06/01/12,9,4
24811686,06/02/12,5,4
25247012,06/02/12,1,5
25807038,06/02/12,18,
22877241,06/04/12,20,1
25318538,06/04/12,14,6
25847046,06/04/12,12,7
25512464,06/05/12,6,5
21526824,06/06/12,1,9
22555687,06/06/12,12,5
23376474,06/06/12,10,8
23637663,06/06/12,6,4
23715659,06/06/12,5,5
23658529,06/07/12,6,4
23797337,06/07/12,20,
22137901,06/08/12,18,8
24228050,06/08/12,19,6
25566758,06/08/12,16,
11669193,06/08/12,19,2
24644458,06/09/12,6,2
11188964,06/09/12,18,6
21286695,06/11/12,17,2
22438411,06/11/12,14,6
24989862,06/11/12,16,8
25232287,06/11/12,11,10
11941104,06/11/12,14,8
14512208,06/11/12,7,3
14643815,06/11/12,9,9
24263971,06/12/12,7,9
12361211,06/12/12,19,
21211994,06/13/12,14,
24907139,06/13/12,6,3
23497513,06/14/12,12,
23791638,06/14/12,20,3
21473317,06/15/12,10,3
24978525,06/15/12,11,9
25168556,06/15/12,10,
12494521,06/15/12,20,2
12655811,06/15/12,19,7
21198526,06/16/12,5,3
21540709,06/16/12,13,6
22930191,06/16/12,3,7
21462152,06/18/12,14,
24026260,06/18/12,5,5
24080677,06/18/12,4,7
24108483,06/18/12,10,7
21704393,06/19/12,18,2
22510515,06/19/12,13,5
24287995,06/19/12,10,3
24556851,06/19/12,2,2
24899743,06/19/12,9,9
21223851,06/20/12,8,
21404439,06/20/12,12,3
21845274,06/20/12,20,6
23077199,06/20/12,2,1
23267066,06/20/12,11,10
25454545,06/20/12,18,2
12644618,06/20/12,12,10
21743140,06/21/12,8,4
22170704,06/21/12,19,1
23163464,06/21/12,16,9
23569748,06/21/12,15,2
23947984,06/21/12,5,7
21103132,06/22/12,15,1
21607446,06/22/12,11,9
25836794,06/22/12,3,3
21838775,06/23/12,15,5
15541212,06/23/12,10,5
21128541,06/25/12,16,7
21439705,06/25/12,7,3
23290357,06/25/12,4,8
23846568,06/25/12,3,2
24848943,06/25/12,20,9
25853394,06/25/12,13,10
11698939,06/25/12,5,1
24192199,06/26/12,2,10
24904223,06/26/12,9,5
25455334,06/26/12,7,8
21191624,06/27/12,8,9
25207465,06/27/12,19,2
15085527,06/27/12,7,8
23229508,06/28/12,4,9
23241112,06/28/12,9,8
23699074,06/28/12,19,9
14642813,06/28/12,8,5
21211810,06/29/12,7,8
21420387,06/29/12,2,9
21441306,06/29/12,13,3
23471823,06/29/12,18,6
23944475,06/29/12,3,6
12013268,06/29/12,18,3
22130247,06/30/12,13,6
11084413,06/30/12,17,6
25923089,07/01/12,1,6
23420594,07/02/12,10,5
24207693,07/03/12,14,9
25359319,07/03/12,4,10
13490826,07/03/12,16,9
23605781,07/04/12,18,
24829315,07/04/12,14,8
25411795,07/04/12,3,6
25823618,07/04/12,9,8
21762599,07/05/12,1,8
25345056,07/05/12,20,3
21211902,07/06/12,3,2
21956205,07/06/12,10,10
25264524,07/06/12,9,8
25560916,07/06/12,2,8
25677695,07/06/12,4,2
25840484,07/06/12,20,2
14099397,07/10/12,4,9
21091172,07/11/12,2,3
23038461,07/11/12,12,4
23075765,07/11/12,19,8
25298422,07/11/12,2,4
24635011,07/12/12,17,7
21590672,07/13/12,3,7
25053715,07/13/12,7,8
25464624,07/13/12,5,
25575159,07/13/12,2,6
11478733,07/13/12,11,8
12197138,07/13/12,13,5
14853510,07/13/12,16,6
24572658,07/14/12,20,4
11755975,07/14/12,16,3
13839768,07/14/12,17,6
23208808,07/16/12,14,6
23492146,07/17/12,7,3
12252852,07/17/12,12,6
23800712,07/18/12,7,5
23802742,07/18/12,16,1
21688414,07/20/12,18,9
23451642,07/20/12,17,
12549772,07/20/12,16,7
21439531,07/23/12,16,9
24621754,07/23/12,17,10
15367645,07/23/12,11,9
22113350,07/24/12,13,
25138595,07/24/12,4,7
23761154,07/25/12,12,10
24730842,07/25/12,5,5
25805673,07/25/12,5,2
15640548,07/25/12,11,5
14580670,07/26/12,14,1
25760651,07/27/12,8,9
22390614,07/28/12,10,10
25578260,07/28/12,8,6
21927421,07/30/12,4,2
23409639,07/30/12,15,7
12498718,07/30/12,17,
13387248,07/30/12,7,2
21369374,08/01/12,13,9
22633867,08/01/12,8,5
23778678,08/01/12,17,6
24662036,08/01/12,15,2
25113958,08/01/12,18,
21207634,08/02/12,20,5
24551093,08/02/12,14,5
24913400,08/02/12,10,
21258420,08/03/12,5,4
21361094,08/03/12,3,3
22123999,08/03/12,20,3
22224678,08/03/12,17,10
22360362,08/03/12,5,3
22890249,08/03/12,12,8
24718408,08/03/12,7,9
15224735,08/03/12,1,10
24406013,08/04/12,11,10
24868521,08/04/12,3,9
24943358,08/04/12,14,9
15346950,08/04/12,17,5
13605163,08/05/12,19,
21885168,08/06/12,9,8
22468694,08/06/12,3,9
23246286,08/06/12,17,7
23290540,08/06/12,18,8
23761208,08/06/12,19,2
24896870,08/06/12,10,10
13821825,08/06/12,12,7
14058325,08/06/12,8,3
21771958,08/07/12,6,10
23217372,08/07/12,11,6
23422940,08/07/12,17,5
25202527,08/07/12,5,4
11052607,08/07/12,19,3
22846766,08/08/12,11,1
24047647,08/08/12,2,5
24487516,08/08/12,15,5
24346320,08/09/12,3,2
24430401,08/09/12,4,1
24818797,08/09/12,5,3
24991722,08/09/12,17,6
21176887,08/10/12,14,7
21553743,08/10/12,9,8
21780035,08/10/12,7,8
24141764,08/10/12,2,10
24657302,08/10/12,12,8
24803808,08/10/12,20,5
25112933,08/10/12,3,6
21001818,08/11/12,10,8
23385452,08/12/12,11,2
21456782,08/13/12,15,10
22662262,08/13/12,13,
24656254,08/13/12,18,5
24834117,08/13/12,9,1
25186485,08/13/12,2,6
25859259,08/13/12,1,9
22431083,08/14/12,18,8
22826975,08/14/12,4,2
23116842,08/14/12,1,6
24099024,08/14/12,5,5
12737300,08/14/12,16,2
12825037,08/14/12,19,4
14835449,08/14/12,6,6
21556733,08/15/12,10,10
23874971,08/15/12,13,9
24124732,08/15/12,6,1
15123429,08/15/12,8,2
24087601,08/16/12,16,5
24717022,08/16/12,12,6
25515506,08/16/12,16,4
15535658,08/16/12,5,2
21059651,08/17/12,7,6
14926272,08/17/12,14,
21605634,08/18/12,11,3
24993978,08/18/12,4,1
25508438,08/18/12,11,7
13587497,08/18/12,10,5
23552576,08/20/12,5,5
25011384,08/20/12,7,10
21342242,08/21/12,6,5
22994105,08/21/12,14,5
12898980,08/21/12,15,1
12967452,08/21/12,3,10
14913428,08/21/12,7,4
22701911,08/22/12,9,9
15446380,08/22/12,6,6
21465491,08/23/12,12,10
22424799,08/23/12,3,
23831961,08/23/12,1,
24567263,08/23/12,11,
24869141,08/23/12,4,5
11694853,08/23/12,7,10
12666705,08/23/12,9,6
21382586,08/24/12,9,10
22212320,08/24/12,1,5
24959766,08/24/12,7,
25205311,08/24/12,12,5
25924445,08/24/12,1,
13003466,08/24/12,3,3
14338663,08/24/12,16,2
15981970,08/24/12,17,8
24928233,08/25/12,9,5
25796869,08/25/12,5,2
21035750,08/27/12,12,10
25343508,08/27/12,11,3
15350208,08/27/12,6,6
21841367,08/28/12,13,3
22122823,08/28/12,15,1
22740636,08/29/12,8,7
23362320,08/29/12,17,2
23536212,08/29/12,17,4
23549935,08/29/12,6,4
24362177,08/29/12,9,2
25016521,08/29/12,12,3
25980468,08/29/12,18,4
12646674,08/29/12,3,
15146922,08/29/12,13,2
21216394,08/30/12,6,8
21667885,08/30/12,1,
23032254,08/30/12,14,9
24128168,08/30/12,3,6
25414152,08/30/12,13,8
15602177,08/30/12,14,2
22073911,08/31/12,16,10
23533091,08/31/12,1,10
24552650,08/31/12,18,2
12505922,08/31/12,8,3
21210194,09/01/12,7,1
22522694,09/01/12,2,3
23349892,09/01/12,4,7
22737892,09/02/12,16,3
23290251,09/02/12,8,9
21017653,09/03/12,10,2
22096827,09/03/12,13,9
22536289,09/03/12,6,7
23876252,09/03/12,3,2
15214692,09/03/12,4,10
15253267,09/03/12,5,10
23352268,09/04/12,12,7
23637062,09/04/12,2,5
24286133,09/04/12,12,2
25426608,09/04/12,11,
25600285,09/04/12,16,2
13352862,09/04/12,16,
21208415,09/05/12,16,
23429212,09/05/12,5,9
23869925,09/05/12,17,7
25281549,09/05/12,16,2
15895898,09/05/12,19,6
23157970,09/06/12,16,10
24203057,09/06/12,8,3
25543011,09/06/12,10,10
11122046,09/06/12,2,2
22223096,09/07/12,5,5
22634073,09/07/12,2,3
23052180,09/07/12,8,10
23482924,09/07/12,20,6
23596491,09/07/12,3,
25781276,09/07/12,14,2
13138228,09/08/12,9,10
11314917,09/09/12,9,10
21101132,09/10/12,5,6
21787346,09/10/12,17,2
22281296,09/10/12,9,5
22506839,09/10/12,1,10
25327329,09/10/12,16,
14297670,09/10/12,5,
24100273,09/11/12,10,6
25821748,09/11/12,13,1
21238144,09/12/12,1,7
23774101,09/12/12,16,4
23777672,09/12/12,14,9
24769211,09/12/12,17,6
14596592,09/12/12,16,3
22641248,09/13/12,14,3
23131770,09/13/12,15,5
23298245,09/13/12,16,4
23424900,09/13/12,7,2
25642589,09/14/12,11,7
25676143,09/14/12,14,9
23386035,09/16/12,6,9
22836963,09/17/12,6,5
25183060,09/17/12,12,1
25677397,09/17/12,19,4
11609351,09/17/12,19,9
13079936,09/17/12,5,9
22814022,09/18/12,18,
25373843,09/18/12,15,10
23704890,09/19/12,13,
25912233,09/19/12,4,10
21085063,09/20/12,18,5
21191762,09/20/12,20,10
22058076,09/20/12,4,
22942603,09/20/12,15,7
24130389,09/20/12,2,6
24180291,09/20/12,13,9
21030632,09/21/12,2,2
21830333,09/21/12,15,9
23327222,09/21/12,17,2
25285727,09/21/12,18,7
25788738,09/21/12,10,10
13009110,09/21/12,3,7
22223892,09/22/12,15,
24147201,09/22/12,12,6
25933879,09/22/12,1,9
22270219,09/24/12,18,1
22574212,09/24/12,13,2
24797383,09/24/12,10,9
13131435,09/24/12,16,9
22599182,09/25/12,6,9
14695448,09/25/12,9,8
21354648,09/26/12,14,3
22943937,09/26/12,1,5
14143231,09/26/12,15,7
21074279,09/27/12,1,10
22854342,09/27/12,15,2
23877819,09/27/12,15,6
24882132,09/27/12,8,6
25064742,09/27/12,15,6
23520629,09/28/12,12,8
24508011,09/28/12,18,8
25691758,09/28/12,4,8
25875283,09/28/12,9,1
12308326,09/28/12,13,9
12464165,09/28/12,14,2
15101377,09/28/12,18,6
15332220,09/28/12,15,9
23075381,09/29/12,2,7
24003155,09/29/12,18,7
11779015,09/29/12,1,
21481252,10/01/12,15,1
25182504,10/01/12,9,10
13552210,10/01/12,13,3
15301604,10/01/12,4,10
23539223,10/02/12,14,3
11777951,10/03/12,1,3
23631542,10/04/12,10,1
23798841,10/04/12,17,1
24934724,10/04/12,20,1
15883185,10/04/12,8,9
21159109,10/05/12,2,9
15447759,10/05/12,7,1
12794787,10/08/12,12,1
23610510,10/09/12,15,4
22894420,10/10/12,7,3
25195118,10/10/12,12,
12582915,10/10/12,4,5
23192468,10/11/12,16,2
25566923,10/12/12,6,1
12619984,10/13/12,18,5
22874029,10/15/12,1,7
23714969,10/15/12,2,
25283047,10/15/12,3,
12117720,10/15/12,17,10
11319120,10/16/12,10,7
21404988,10/17/12,13,
22000885,10/17/12,3,1
22088434,10/17/12,1,6
22334661,10/17/12,8,2
23610099,10/17/12,14,5
12598620,10/17/12,15,10
22651446,10/18/12,7,
22932271,10/18/12,15,10
13746228,10/18/12,6,10
24319979,10/19/12,4,1
25103176,10/19/12,14,3
11201809,10/20/12,12,4
23519634,10/22/12,7,4
23697227,10/22/12,15,5
24448528,10/22/12,7,6
22712442,10/23/12,14,1
13898224,10/23/12,1,4
22217716,10/24/12,7,9
23330001,10/24/12,12,10
25523595,10/24/12,3,10
22201393,10/25/12,7,4
21215155,10/26/12,15,5
24574908,10/26/12,8,9
21307059,10/27/12,5,2
22404634,10/27/12,8,4
23676966,10/27/12,11,6
24632904,10/29/12,13,10
24138789,10/30/12,5,2
24262663,10/30/12,19,7
24702768,10/30/12,14,1
25959969,10/30/12,20,2
15647122,10/30/12,16,9
21994326,10/31/12,10,2
23124543,10/31/12,9,8
24311074,10/31/12,18,5
15715811,10/31/12,2,8
22435356,11/01/12,2,
22873417,11/01/12,5,3
25233735,11/01/12,16,4
25262396,11/01/12,3,10
15373697,11/01/12,2,4
21211442,11/02/12,11,4
21790498,11/02/12,12,4
21919871,11/02/12,13,5
22196248,11/02/12,17,
11824454,11/02/12,16,9
15509380,11/02/12,12,7
24804562,11/03/12,7,4
12052939,11/03/12,16,9
22859554,11/05/12,1,8
23181108,11/05/12,2,10
23549220,11/05/12,2,
24018910,11/05/12,15,3
24490883,11/05/12,13,
12290234,11/05/12,15,8
12892113,11/05/12,13,3
13723061,11/05/12,16,8
21880476,11/06/12,20,3
22376278,11/06/12,15,4
23661014,11/06/12,9,10
24352460,11/06/12,9,6
25382495,11/07/12,13,5
25402571,11/07/12,14,9
25623562,11/07/12,11,
21678064,11/08/12,9,6
22396725,11/08/12,3,5
24586186,11/08/12,11,6
11426637,11/08/12,16,1
12166139,11/08/12,3,10
12339530,11/08/12,12,9
12885001,11/08/12,12,5
22268382,11/09/12,10,7
24604882,11/09/12,17,4
25362507,11/09/12,20,8
22878323,11/10/12,8,8
23016946,11/10/12,18,10
23204467,11/10/12,8,9
23725853,11/10/12,18,7
23755574,11/10/12,17,10
24229401,11/10/12,2,1
24411026,11/10/12,19,1
25149849,11/10/12,13,1
21874747,11/12/12,8,7
22067032,11/12/12,20,10
23465586,11/12/12,10,4
24135180,11/12/12,13,4
15541817,11/12/12,12,1
21530191,11/13/12,7,
23346363,11/13/12,13,9
23866726,11/13/12,1,1
24198217,11/13/12,17,4
24272278,11/13/12,17,7
24939707,11/13/12,6,
25639743,11/13/12,18,4
25954282,11/13/12,8,10
21835271,11/14/12,13,7
22376426,11/14/12,14,3
24282810,11/14/12,4,3
12157465,11/14/12,19,1
22479198,11/15/12,14,9
23433124,11/15/12,13,4
24279457,11/15/12,12,3
24844965,11/15/12,13,6
21335715,11/16/12,6,5
24070273,11/16/12,3,5
24558645,11/16/12,14,1
21181146,11/17/12,18,3
24070333,11/17/12,10,4
11226862,11/17/12,15,3
12956829,11/17/12,5,2
22462374,11/19/12,14,1
23549312,11/19/12,19,1
23679676,11/19/12,17,7
25070100,11/19/12,15,9
22006883,11/20/12,11,9
22141070,11/20/12,8,4
23045167,11/20/12,18,
25480702,11/20/12,6,10
11586068,11/20/12,16,9
12965545,11/20/12,2,10
13615274,11/20/12,9,7
21290570,11/21/12,7,6
21450950,11/21/12,12,
24589770,11/21/12,2,9
11125357,11/21/12,15,5
22340369,11/22/12,15,4
22530119,11/22/12,2,10
22939495,11/22/12,8,10
23231653,11/22/12,17,6
24079399,11/22/12,18,4
22163745,11/23/12,5,1
22700213,11/23/12,16,2
23471401,11/23/12,16,6
24076315,11/23/12,3,8
12847671,11/23/12,17,3
22294075,11/24/12,18,8
23446562,11/24/12,20,3
23540273,11/24/12,8,9
15223020,11/25/12,13,5
22996757,11/26/12,5,2
24541942,11/26/12,12,5
25158081,11/26/12,12,2
25819900,11/26/12,15,6
21217718,11/27/12,10,6
23292839,11/27/12,5,6
24002217,11/27/12,11,
21295099,11/28/12,4,6
23032777,11/28/12,11,8
21907253,11/29/12,20,5
23804736,11/29/12,19,4
23883009,11/29/12,4,2
24586069,11/29/12,9,5
25338551,11/29/12,7,3
14240389,11/29/12,20,10
15711400,11/29/12,13,2
24269542,11/30/12,12,5
21724662,12/01/12,16,10
25450436,12/01/12,17,3
25829464,12/01/12,16,
21028780,12/03/12,10,9
23750420,12/03/12,3,7
25024975,12/03/12,9,7
25432701,12/03/12,6,10
25499117,12/03/12,7,6
12733319,12/03/12,19,9
14844477,12/03/12,20,7
15122607,12/03/12,6,7
21758527,12/04/12,8,4
21876642,12/04/12,3,
24920028,12/04/12,16,6
24335676,12/05/12,1,4
25259635,12/05/12,17,4
21536321,12/06/12,16,
23383376,12/06/12,9,1
24193401,12/06/12,7,4
25505172,12/06/12,13,3
22926191,12/07/12,14,9
23954494,12/07/12,16,6
24711076,12/10/12,14,2
25490702,12/10/12,2,3
25752326,12/10/12,3,1
14155444,12/10/12,12,5
22412421,12/11/12,13,5
24610139,12/11/12,2,2
21349761,12/12/12,5,8
22597613,12/12/12,10,
24457462,12/12/12,6,
24802903,12/12/12,3,10
13146139,12/12/12,5,2
15230168,12/12/12,15,5
15271815,12/12/12,5,3
25514830,12/13/12,3,10
25877219,12/13/12,8,6
21340804,12/14/12,16,5
21390982,12/14/12,3,1
23161067,12/14/12,5,
24329367,12/14/12,19,4
24718907,12/14/12,4,1
21684145,12/15/12,16,6
21705014,12/15/12,2,1
24122602,12/15/12,9,7
21632329,12/17/12,5,
22233016,12/17/12,11,4
23820035,12/17/12,15,9
25238758,12/17/12,18,8
25581627,12/17/12,17,2
11252410,12/17/12,4,6
11570708,12/17/12,8,10
12805634,12/17/12,19,10
21572970,12/18/12,1,5
23675354,12/18/12,16,3
23884977,12/18/12,11,7
14503421,12/18/12,7,1
21205030,12/19/12,2,6
23516546,12/19/12,20,10
24245043,12/19/12,19,7
25993404,12/19/12,10,5
22922477,12/20/12,2,4
23625782,12/20/12,6,
24620972,12/20/12,12,6
25420110,12/20/12,6,9
22368795,12/21/12,12,3
22693104,12/21/12,6,6
24487119,12/21/12,20,8
21328574,12/22/12,14,2
24527901,12/22/12,10,3
13999113,12/22/12,18,5
21233460,12/24/12,6,6
21749192,12/24/12,16,6
24938915,12/24/12,7,9
21242181,12/25/12,14,5
21484906,12/25/12,20,5
21881846,12/25/12,3,7
23985890,12/26/12,20,6
24765389,12/26/12,18,4
12292455,12/26/12,9,
14530181,12/26/12,13,5
15921836,12/26/12,11,9
22669437,12/27/12,9,5
23565069,12/27/12,19,4
24070290,12/27/12,9,7
24307683,12/27/12,4,6
25128771,12/27/12,7,2
25769431,12/27/12,17,1
25972682,12/27/12,10,10
22110783,12/28/12,20,2
23346085,12/28/12,20,5
25549626,12/28/12,10,3
25736749,12/28/12,18,8
11253234,12/28/12,5,1
22074353,12/29/12,12,4
24442950,12/29/12,2,8
25722902,12/29/12,16,5
13858467,12/29/12,14,6
24997791,12/30/12,19,8
21139004,12/31/12,2,7
21590834,12/31/12,11,10
23083992,12/31/12,20,3
24782111,12/31/12,14,3
15750622,12/31/12,10,1
21430889,01/01/13,8,
25435815,01/01/13,14,7
25782657,01/01/13,15,5
21059602,01/02/13,2,1
21143780,01/02/13,13,5
24825636,01/02/13,7,9
25114494,01/02/13,2,8
25588129,01/02/13,17,8
22850467,01/03/13,18,6
25376470,01/03/13,15,5
25616549,01/03/13,16,7
25820516,01/03/13,7,7
12424899,01/03/13,3,5
13678130,01/03/13,18,
22645491,01/04/13,11,10
24015955,01/04/13,8,4
25506373,01/04/13,1,10
25885216,01/04/13,4,9
11454838,01/04/13,14,6
12487084,01/04/13,4,4
22453999,01/05/13,3,2
21787717,01/07/13,17,3
11498487,01/07/13,19,6
12906842,01/07/13,6,6
24636080,01/08/13,3,3
15691714,01/08/13,14,5
24688767,01/09/13,19,3
25019108,01/11/13,8,9
13657245,01/11/13,4,2
23495942,01/12/13,7,5
24679331,01/12/13,14,8
23706388,01/14/13,16,10
25237160,01/14/13,19,10
11539522,01/14/13,6,8
24441922,01/15/13,8,7
14258921,01/15/13,16,3
21986520,01/16/13,10,
23086085,01/16/13,11,2
11230554,01/16/13,20,9
22165341,01/17/13,8,4
23833685,01/17/13,12,2
25912307,01/17/13,16,10
12090004,01/17/13,16,10
15130549,01/17/13,19,9
21247648,01/18/13,13,
24975514,01/18/13,9,3
25917617,01/18/13,15,10
11399443,01/18/13,14,3
21375070,01/19/13,15,7
22417633,01/19/13,13,4
25448041,01/19/13,19,8
14571338,01/21/13,3,2
22141906,01/22/13,7,9
21953205,01/23/13,15,4
24510356,01/23/13,1,2
21586127,01/24/13,9,6
13876077,01/24/13,12,2
21013413,01/25/13,8,2
22880696,01/25/13,6,7
13110720,01/26/13,16,2
25306452,01/27/13,7,8
21076268,01/28/13,1,5
21579342,01/28/13,6,1
21795340,01/28/13,14,8
22318967,01/28/13,7,10
21434123,01/29/13,9,2
21610512,01/29/13,16,2
22898079,01/29/13,12,8
11584578,01/29/13,12,8
12494403,01/29/13,1,4
12504149,01/29/13,11,6
24736780,01/30/13,18,4
23895203,01/31/13,2,1
24213066,01/31/13,6,3
25676979,01/31/13,2,8
23500321,02/01/13,3,2
23614757,02/01/13,10,
23795615,02/01/13,8,5
22186227,02/02/13,20,2
24241023,02/03/13,7,2
24265843,02/04/13,16,4
23711061,02/05/13,2,2
25024313,02/05/13,15,7
25482499,02/05/13,11,6
13779238,02/05/13,19,1
23570218,02/06/13,8,9
24650117,02/06/13,9,2
12418506,02/06/13,20,
22930577,02/07/13,3,6
23601491,02/07/13,11,5
25507103,02/08/13,20,6
25675257,02/08/13,11,3
13257215,02/08/13,5,2
21442338,02/11/13,18,5
21596350,02/11/13,17,5
22189870,02/11/13,2,
24142253,02/11/13,4,10
25170724,02/11/13,7,2
22972804,02/12/13,14,10
23899531,02/12/13,5,8
24180252,02/12/13,11,
12268659,02/12/13,19,
15071780,02/12/13,4,8
22865002,02/13/13,5,10
24750548,02/13/13,20,5
25344669,02/13/13,8,7
25540061,02/13/13,19,2
12454517,02/13/13,9,1
24116050,02/14/13,9,
25588419,02/14/13,13,3
12980669,02/14/13,3,5
21906012,02/15/13,20,5
25831114,02/15/13,17,8
21053198,02/16/13,15,
21756896,02/16/13,7,
22115657,02/18/13,9,2
24165099,02/18/13,12,9
24895029,02/18/13,12,6
25734148,02/18/13,10,9
21565126,02/19/13,6,3
23635603,02/19/13,1,
25504883,02/19/13,15,9
21436499,02/20/13,8,5
21838601,02/20/13,6,10
24135987,02/21/13,20,3
21901640,02/22/13,16,
22889664,02/22/13,14,5
23375138,02/22/13,19,3
23475290,02/22/13,19,6
21499467,02/23/13,16,3
22884140,02/23/13,1,10
23042034,02/23/13,19,
22376494,02/25/13,14,5
22849768,02/25/13,2,9
22957943,02/25/13,9,7
23922541,02/25/13,8,2
14281827,02/25/13,19,1
21934375,02/26/13,9,5
23894596,02/26/13,18,6
12511833,02/26/13,9,3
22860574,02/27/13,19,
23946680,02/27/13,18,7
14869515,02/27/13,7,1
23895853,02/28/13,6,2
24295346,02/28/13,13,
25254583,02/28/13,18,8
22514403,03/01/13,8,9
23509742,03/01/13,2,
24405513,03/01/13,15,9
15386152,03/01/13,2,2
24467445,03/02/13,17,3
21812049,03/03/13,2,7
22633661,03/04/13,8,3
25731690,03/04/13,15,2
22388994,03/05/13,4,1
21012206,03/06/13,9,5
14188855,03/07/13,19,5
21446055,03/08/13,1,9
24495074,03/08/13,9,1
24790317,03/08/13,7,
25662945,03/08/13,1,7
13789864,03/08/13,18,10
21032140,03/11/13,18,
21040971,03/11/13,4,8
24099835,03/11/13,19,7
24522703,03/11/13,1,
25388599,03/11/13,18,
22630268,03/12/13,8,4
22771616,03/12/13,1,
25912455,03/12/13,8,5
22144803,03/13/13,16,7
23065153,03/13/13,4,8
23293691,03/13/13,12,9
23688439,03/13/13,1,5
14833580,03/13/13,1,2
15208514,03/13/13,16,9
21244729,03/14/13,6,8
21381136,03/15/13,15,1
23003421,03/15/13,14,6
25361913,03/15/13,6,3
21985580,03/18/13,8,1
21586341,03/19/13,16,3
24735127,03/19/13,19,3
15930911,03/19/13,19,8
21836661,03/20/13,10,5
23042991,03/20/13,6,
12729279,03/20/13,20,2
23126391,03/21/13,12,6
13279634,03/21/13,15,
24199005,03/22/13,10,
24701811,03/22/13,17,1
25007470,03/22/13,8,9
25090419,03/23/13,1,7
21087911,03/25/13,20,8
21899410,03/25/13,4,2
21997936,03/26/13,7,7
23022350,03/26/13,6,1
24092149,03/26/13,10,6
24860019,03/28/13,10,2
25015150,03/28/13,10,2
25800327,03/28/13,1,7
22671748,03/29/13,4,6
25305308,03/29/13,16,3
11249019,03/29/13,16,
22195633,03/30/13,15,5
13435780,03/31/13,11,9
21621921,04/02/13,16,2
21650308,04/02/13,15,5
24882800,04/02/13,5,8
24972434,04/02/13,2,
25827942,04/02/13,8,1
25905999,04/02/13,14,10
11042428,04/02/13,13,2
22413441,04/03/13,5,2
22748612,04/03/13,6,5
22409754,04/04/13,13,2
22825683,04/04/13,6,8
15703300,04/04/13,13,1
21706935,04/05/13,5,7
22105318,04/05/13,2,7
14986842,04/05/13,16,2
21251401,04/06/13,1,
25312636,04/07/13,12,5
23568872,04/08/13,19,2
23823615,04/08/13,6,5
23867083,04/08/13,2,6
25788188,04/08/13,17,4
23339619,04/09/13,3,6
11143457,04/09/13,1,9
22493030,04/10/13,6,9
21594400,04/11/13,10,5
25353746,04/11/13,9,5
25749942,04/11/13,14,5
12336271,04/11/13,10,8
21540559,04/13/13,5,5
22752798,04/15/13,3,1
23880977,04/15/13,8,
24582003,04/15/13,11,9
13084790,04/15/13,3,6
15270851,04/15/13,13,9
22161351,04/16/13,12,2
25564504,04/16/13,4,8
25958799,04/16/13,6,
21929857,04/18/13,19,3
21245292,04/19/13,14,7
21162185,04/20/13,7,3
23738336,04/20/13,5,5
23698462,04/22/13,12,
13005581,04/23/13,2,9
21201387,04/24/13,14,3
21123163,04/25/13,20,4
24375143,04/25/13,19,10
25131191,04/25/13,3,4
23963045,04/26/13,17,3
23285041,04/27/13,11,8
21220787,04/29/13,18,10
24099178,04/29/13,9,8
24309791,04/29/13,6,8
21739400,04/30/13,13,6
23322723,04/30/13,19,7
23952400,04/30/13,9,4
24477075,04/30/13,18,10
22219658,05/01/13,15,5
24325997,05/01/13,6,9
14891100,05/01/13,17,2
12274165,05/02/13,19,8
15689054,05/02/13,18,9
21653195,05/03/13,11,6
22791758,05/03/13,5,
24467739,05/03/13,3,6
23420934,05/06/13,11,2
23513444,05/06/13,18,7
23827195,05/06/13,17,2
25648133,05/06/13,17,3
21713812,05/07/13,6,10
23066853,05/07/13,4,7
23303400,05/08/13,10,3
25628468,05/08/13,10,7
22385611,05/09/13,1,9
25979288,05/09/13,6,
22121455,05/10/13,10,5
12603297,05/11/13,3,
24561146,05/12/13,9,2
11807993,05/12/13,15,8
21099419,05/13/13,17,
24693974,05/13/13,12,3
24310512,05/14/13,11,6
25114628,05/14/13,1,2
14165375,05/14/13,4,4
21213583,05/15/13,5,10
22023083,05/15/13,6,4
24916727,05/15/13,2,9
21900042,05/16/13,9,10
22757712,05/16/13,19,1
23540261,05/16/13,4,1
23542934,05/16/13,10,10
14017525,05/16/13,16,4
23713989,05/17/13,11,3
25791015,05/17/13,17,6
12477436,05/17/13,18,9
13837703,05/17/13,14,3
21590572,05/18/13,2,2
23327575,05/18/13,2,5
23496941,05/18/13,3,1
25311844,05/18/13,18,9
25014054,05/21/13,2,7
21614127,05/22/13,17,9
15719417,05/22/13,1,2
25847726,05/23/13,3,7
24513317,05/24/13,6,
25113556,05/24/13,8,1
11992463,05/24/13,19,3
25140487,05/25/13,13,1
21686888,05/27/13,1,2
21788644,05/27/13,19,9
22966180,05/28/13,4,4
23544260,05/28/13,7,9
24866061,05/28/13,6,7
25331451,05/28/13,19,7
11049014,05/28/13,8,10
21589316,05/29/13,17,
13003289,05/29/13,9,2
22639112,05/30/13,5,
23149063,05/30/13,11,5
23971877,05/30/13,10,1
24992865,05/30/13,14,
25238037,05/30/13,8,2
15115273,05/30/13,4,10
21827959,05/31/13,14,9
14649004,05/31/13,10,4
22229883,06/01/13,18,5
12413489,06/01/13,9,5
21209595,06/02/13,17,4
23005934,06/02/13,11,1
23513264,06/02/13,11,8
24662682,06/02/13,18,1
21827845,06/03/13,16,9
22680932,06/03/13,13,9
23650909,06/03/13,5,7
25538953,06/03/13,6,10
25985266,06/03/13,1,1
21925248,06/04/13,19,10
22235456,06/04/13,12,1
22591562,06/04/13,12,3
11372622,06/04/13,11,8
13642735,06/04/13,7,4
14063561,06/04/13,8,8
14602742,06/04/13,10,8
15472233,06/04/13,6,5
21424248,06/05/13,13,3
22406661,06/05/13,3,
25523206,06/05/13,10,7
11366976,06/05/13,17,10
23118043,06/06/13,2,5
24971019,06/06/13,12,7
11943902,06/06/13,1,9
21253344,06/07/13,17,8
22440146,06/07/13,13,9
24487295,06/07/13,6,5
24550309,06/07/13,20,10
24562700,06/07/13,15,2
25746149,06/07/13,16,8
21649379,06/08/13,19,8
22023938,06/08/13,18,7
12634279,06/08/13,3,
23792525,06/09/13,9,4
21460976,06/10/13,15,6
22720611,06/10/13,6,6
23250735,06/10/13,11,6
23878132,06/10/13,3,2
24180822,06/10/13,18,1
25365330,06/10/13,20,7
25869536,06/10/13,16,10
13695467,06/10/13,1,
23062379,06/11/13,18,8
23346035,06/11/13,10,4
24998717,06/11/13,15,
25863928,06/11/13,8,6
22015486,06/12/13,19,6
22335105,06/12/13,2,1
22991881,06/12/13,12,9
24345105,06/12/13,14,2
12616134,06/12/13,9,7
21964432,06/13/13,14,4
22147462,06/13/13,11,10
22355379,06/13/13,10,4
22732869,06/13/13,19,8
22803740,06/13/13,17,3
23735964,06/13/13,20,6
23756924,06/13/13,1,6
25256775,06/13/13,11,8
11673718,06/13/13,20,3
12122563,06/13/13,4,9
22830979,06/14/13,6,1
22926991,06/14/13,1,8
24255605,06/14/13,17,8
25819284,06/14/13,10,8
13154646,06/14/13,12,2
22759612,06/15/13,16,4
22979822,06/15/13,11,3
21603822,06/17/13,7,6
22483088,06/17/13,17,6
22491395,06/17/13,16,9
23949378,06/17/13,11,10
25135305,06/17/13,14,6
11635889,06/17/13,8,3
23051016,06/18/13,20,7
23093926,06/18/13,5,7
25002349,06/18/13,20,
25579249,06/18/13,5,
11799384,06/18/13,4,3
22374863,06/19/13,4,2
24250728,06/19/13,2,4
24686025,06/19/13,5,4
21510295,06/20/13,4,8
14744502,06/20/13,15,
22211839,06/21/13,18,5
23712216,06/21/13,1,8
24145439,06/21/13,5,2
25176094,06/21/13,4,10
12332242,06/21/13,4,6
11127161,06/22/13,13,7
21830556,06/23/13,5,5
23150546,06/23/13,7,3
12494049,06/23/13,10,6
21250006,06/24/13,20,8
23667448,06/24/13,18,10
24486046,06/24/13,13,1
11476473,06/24/13,19,5
22338251,06/25/13,16,10
22573970,06/25/13,19,9
23058408,06/25/13,7,10
21001647,06/26/13,10,5
25254576,06/26/13,19,3
25941455,06/26/13,11,3
11582139,06/26/13,2,2
23061639,06/27/13,1,
23551039,06/27/13,9,7
24471792,06/27/13,7,6
25495371,06/27/13,1,5
13774709,06/27/13,13,6
14712032,06/27/13,3,8
21608190,06/28/13,6,3
25755406,06/28/13,16,10
14180226,06/28/13,18,3
15450529,06/28/13,18,2
23426036,06/29/13,5,3
24786711,06/29/13,11,6
14047109,06/29/13,15,4
21030020,07/01/13,8,8
22041470,07/02/13,17,6
22215507,07/02/13,14,
22509119,07/02/13,15,5
21299501,07/03/13,7,4
24184078,07/03/13,13,6
25151389,07/03/13,8,6
25600967,07/04/13,8,3
25671907,07/04/13,12,5
22936336,07/06/13,13,8
24798193,07/06/13,20,6
11621834,07/06/13,1,5
21183139,07/08/13,19,5
21218192,07/08/13,3,7
24779701,07/08/13,6,8
22141894,07/09/13,6,5
13447288,07/09/13,15,5
23078441,07/10/13,1,8
21785128,07/11/13,17,5
22319209,07/11/13,8,6
23793211,07/11/13,17,
24555618,07/11/13,14,1
12582145,07/11/13,19,7
22934598,07/12/13,13,2
24481786,07/12/13,2,5
15438672,07/12/13,19,4
24608377,07/13/13,13,3
25973321,07/14/13,17,2
23718507,07/15/13,13,8
25442738,07/15/13,5,4
25785549,07/15/13,13,7
11659438,07/15/13,14,2
25114360,07/16/13,13,10
24122424,07/17/13,18,5
22057107,07/18/13,20,8
25271850,07/18/13,3,9
23167494,07/20/13,14,2
22027910,07/22/13,8,
22447615,07/22/13,16,
23158080,07/22/13,10,3
24228102,07/22/13,6,2
24987230,07/22/13,19,
23571687,07/23/13,10,3
23908850,07/23/13,20,8
15448440,07/23/13,11,6
21222056,07/24/13,7,6
23484925,07/24/13,6,9
13331737,07/24/13,18,
22058218,07/25/13,8,7
24451091,07/25/13,1,3
11537853,07/25/13,18,
22675006,07/26/13,8,9
13698036,07/26/13,15,4
24721019,07/29/13,11,
25263360,07/29/13,9,4
21853161,07/30/13,12,7
23576323,07/30/13,13,2
24987734,07/30/13,11,9
22356402,07/31/13,11,3
23068553,07/31/13,12,8
15655409,07/31/13,11,1
22386093,08/01/13,14,10
22519403,08/01/13,11,4
22538836,08/01/13,17,
23221528,08/01/13,10,
25160720,08/01/13,12,2
22546560,08/02/13,20,7
22550984,08/02/13,1,6
11571276,08/02/13,2,9
21634109,08/03/13,15,5
21562914,08/04/13,18,5
21669743,08/05/13,9,10
21677301,08/05/13,2,1
24073631,08/05/13,12,5
24408752,08/05/13,19,2
25239932,08/05/13,1,1
25742886,08/05/13,16,3
13284041,08/05/13,6,8
13655043,08/05/13,13,8
15316481,08/05/13,18,4
21198254,08/06/13,18,6
21608577,08/06/13,2,8
23088790,08/06/13,20,
23515972,08/06/13,8,1
23595472,08/06/13,18,5
25430201,08/06/13,3,6
25891897,08/06/13,13,5
11665440,08/06/13,14,10
21337779,08/07/13,17,4
24037849,08/07/13,14,9
24456541,08/07/13,14,2
25259588,08/07/13,19,8
25291892,08/07/13,7,5
25504072,08/07/13,14,2
14194945,08/07/13,14,9
21380947,08/08/13,20,2
22523030,08/08/13,12,3
22616819,08/08/13,6,7
23584378,08/08/13,12,4
25782100,08/08/13,18,
21486678,08/09/13,12,7
22239615,08/09/13,19,
22396417,08/09/13,3,9
23679101,08/09/13,15,10
14874491,08/09/13,16,3
22228706,08/10/13,8,6
24846448,08/10/13,16,8
14388990,08/10/13,10,9
21433183,08/11/13,1,6
23456026,08/11/13,6,9
15279277,08/11/13,6,1
21469005,08/12/13,15,
21782910,08/12/13,19,
22335535,08/12/13,7,1
23323529,08/12/13,16,3
23439862,08/12/13,20,1
23711605,08/12/13,3,6
23731878,08/12/13,6,6
24054650,08/12/13,4,10
11215824,08/12/13,9,1
12617184,08/12/13,15,2
21185240,08/13/13,18,9
21413393,08/13/13,1,5
23724793,08/13/13,5,1
24189005,08/13/13,15,10
24190886,08/13/13,6,6
13328104,08/13/13,15,10
14881464,08/13/13,1,5
21007331,08/14/13,6,9
21715609,08/14/13,8,2
22807164,08/14/13,17,6
23016012,08/14/13,13,3
25191940,08/14/13,19,
25414306,08/14/13,2,10
25434707,08/14/13,10,
11376966,08/14/13,14,9
21946968,08/15/13,7,2
24637759,08/15/13,2,9
14523429,08/15/13,20,8
21270183,08/16/13,10,
21298676,08/16/13,9,
23158245,08/16/13,19,8
24250046,08/16/13,10,3
24777583,08/16/13,13,3
25210417,08/16/13,16,4
25424830,08/16/13,13,1
25699059,08/16/13,1,8
12032199,08/16/13,14,2
13299073,08/16/13,10,10
21215823,08/17/13,8,6
23446925,08/17/13,10,6
23609962,08/19/13,9,6
24231060,08/19/13,9,6
13887660,08/19/13,7,3
14009690,08/19/13,6,7
21188032,08/20/13,20,10
23969737,08/20/13,4,2
11770521,08/20/13,19,5
22435824,08/21/13,6,10
22720927,08/21/13,13,
23340197,08/21/13,15,3
23639975,08/21/13,16,10
23927096,08/21/13,9,5
24442436,08/21/13,20,2
21265335,08/22/13,10,6
21408978,08/22/13,18,8
24464084,08/22/13,10,5
24531046,08/22/13,12,
22155035,08/23/13,2,8
23007238,08/23/13,16,6
23361928,08/23/13,19,9
24901983,08/23/13,18,10
25584061,08/23/13,2,8
13913129,08/23/13,12,7
22371724,08/24/13,3,5
23632888,08/24/13,15,
13230655,08/24/13,5,2
24210433,08/25/13,12,7
25077100,08/25/13,5,8
25488008,08/25/13,11,10
25065624,08/26/13,6,6
21668222,08/27/13,14,2
22588627,08/27/13,11,
23286671,08/27/13,14,3
23916740,08/27/13,17,1
24118663,08/27/13,20,8
24420927,08/27/13,6,
24434786,08/27/13,9,1
13708372,08/27/13,1,5
21540151,08/28/13,12,8
22235900,08/28/13,19,2
22672620,08/28/13,1,9
23296199,08/28/13,2,1
23561047,08/28/13,7,9
23690526,08/28/13,17,4
24187645,08/28/13,17,3
25581781,08/28/13,16,
23228066,08/29/13,14,10
24569090,08/29/13,12,5
25682943,08/29/13,17,8
14744269,08/29/13,10,2
21500187,08/30/13,14,4
21777286,08/30/13,8,4
22624531,08/30/13,1,2
23759039,08/30/13,15,10
14972763,08/30/13,4,7
21081150,08/31/13,16,7
24147391,08/31/13,12,6
13376681,08/31/13,10,3
22204795,09/02/13,13,8
24058130,09/02/13,9,
25727837,09/02/13,2,3
25901531,09/02/13,8,1
23903130,09/03/13,10,3
25039157,09/03/13,9,6
25072900,09/03/13,10,10
25685466,09/03/13,17,1
11217994,09/03/13,18,
21128924,09/04/13,13,1
22387221,09/04/13,11,9
24834847,09/04/13,12,4
25266365,09/04/13,11,6
25623189,09/04/13,12,8
15672839,09/04/13,12,2
22754415,09/05/13,17,5
23166498,09/05/13,5,3
23830070,09/05/13,18,6
25716863,09/05/13,10,
11350483,09/05/13,6,9
11961543,09/05/13,4,2
13191975,09/05/13,18,5
14389315,09/05/13,14,3
21217902,09/06/13,1,5
24032927,09/06/13,10,3
21535265,09/07/13,20,3
23422294,09/07/13,1,4
24771203,09/07/13,5,5
22309313,09/09/13,4,6
23903431,09/09/13,6,8
23918046,09/09/13,15,7
24025623,09/09/13,10,6
24334154,09/09/13,20,8
24398455,09/09/13,5,8
15465664,09/09/13,20,9
21820946,09/10/13,7,5
23229614,09/10/13,13,2
13214372,09/10/13,3,9
14559122,09/10/13,17,9
14659236,09/10/13,14,7
21212086,09/11/13,20,4
21950281,09/11/13,20,3
22569541,09/11/13,6,9
21346757,09/12/13,13,7
21398212,09/12/13,2,7
22212734,09/12/13,10,10
24435948,09/12/13,14,8
11941593,09/12/13,1,3
14100054,09/12/13,16,1
14307043,09/12/13,15,5
21138719,09/13/13,11,3
23334343,09/13/13,3,8
22630841,09/14/13,15,
25957121,09/14/13,2,4
12076787,09/14/13,16,
13050624,09/14/13,11,
22384554,09/15/13,6,10
22183682,09/16/13,12,6
22806399,09/16/13,12,9
23159008,09/16/13,15,7
25110658,09/16/13,6,6
25246295,09/16/13,14,4
14413081,09/16/13,8,3
21211534,09/17/13,8,10
22058842,09/17/13,7,3
22229801,09/17/13,3,6
22612318,09/17/13,10,
23709304,09/17/13,3,3
21598291,09/18/13,4,9
23108011,09/18/13,19,4
25413372,09/18/13,2,9
24452331,09/19/13,20,10
24677050,09/19/13,14,2
12508465,09/19/13,13,
14580060,09/19/13,12,9
21449332,09/20/13,2,6
22285661,09/20/13,18,
22527425,09/20/13,6,
25079814,09/20/13,20,4
25746961,09/20/13,17,3
13843253,09/20/13,18,7
14864710,09/20/13,15,1
22715038,09/21/13,10,5
23907928,09/21/13,5,3
24465613,09/21/13,20,9
25322278,09/21/13,15,1
11856233,09/21/13,14,10
14864604,09/21/13,15,9
22562616,09/23/13,18,5
23980089,09/23/13,17,
12640538,09/23/13,14,2
14518589,09/23/13,19,4
22219250,09/24/13,8,3
24396697,09/24/13,6,4
24849942,09/24/13,4,10
24937270,09/24/13,6,6
25078214,09/24/13,9,4
12758255,09/24/13,13,4
21112764,09/25/13,1,9
22402314,09/25/13,20,8
23382466,09/25/13,11,10
25150619,09/25/13,9,9
25310113,09/25/13,6,7
25961293,09/25/13,15,6
12925328,09/25/13,10,1
13113956,09/25/13,20,9
13470979,09/25/13,5,2
23200273,09/26/13,14,3
24717909,09/26/13,1,8
25612922,09/26/13,8,1
12911448,09/26/13,17,7
13888587,09/26/13,19,3
22824939,09/27/13,19,6
23029399,09/27/13,6,9
23109023,09/27/13,19,7
24632541,09/27/13,7,6
24636934,09/27/13,15,8
25246151,09/27/13,20,10
25698783,09/27/13,12,6
11428871,09/27/13,19,10
12410050,09/27/13,11,7
21299121,09/28/13,9,1
23161182,09/28/13,15,2
13159247,09/28/13,4,3
11005179,09/29/13,16,3
22339975,09/30/13,15,3
23947822,09/30/13,15,2
21912825,10/01/13,8,7
23567936,10/01/13,12,10
21423228,10/03/13,6,8
22232047,10/03/13,16,6
25379148,10/03/13,7,3
22734435,10/04/13,5,9
24444438,10/04/13,18,1
25443807,10/04/13,19,2
21093488,10/05/13,15,10
25645871,10/05/13,18,2
15257163,10/05/13,1,7
13505199,10/07/13,4,3
21149984,10/08/13,14,10
22341157,10/08/13,17,10
22905051,10/08/13,18,2
25345443,10/09/13,7,2
14186516,10/09/13,2,6
23078948,10/10/13,3,2
24015722,10/10/13,4,6
14217001,10/10/13,17,2
23245416,10/11/13,20,3
23621706,10/11/13,16,7
24858481,10/11/13,12,
13723600,10/11/13,5,6
13788004,10/11/13,6,2
22220066,10/12/13,13,9
25298706,10/12/13,1,
14007264,10/12/13,11,2
23479105,10/14/13,17,2
24161041,10/14/13,14,9
14100200,10/14/13,18,6
21818988,10/15/13,9,4
23033501,10/15/13,16,5
22194911,10/16/13,7,5
24897406,10/16/13,13,4
15270137,10/16/13,2,9
23394564,10/17/13,18,5
21450713,10/18/13,14,8
21752483,10/18/13,16,10
22659584,10/18/13,8,3
24362848,10/18/13,10,4
25687296,10/18/13,10,2
24009230,10/21/13,1,2
25338073,10/22/13,13,5
22559061,10/23/13,12,1
22708008,10/23/13,19,1
24643172,10/23/13,20,5
25174378,10/24/13,3,9
11683275,10/24/13,11,2
22551660,10/25/13,17,8
22694304,10/25/13,2,9
25408659,10/28/13,3,8
25521273,10/28/13,12,10
21633219,10/29/13,10,1
23050823,10/29/13,17,1
24511365,10/29/13,15,
25911126,10/29/13,12,10
23547323,10/30/13,6,6
12626751,10/30/13,3,1
23359334,10/31/13,18,10
25785727,10/31/13,6,
21682342,11/01/13,18,3
21989144,11/01/13,4,5
22700779,11/01/13,3,3
22985977,11/01/13,19,7
23207937,11/01/13,5,9
25080538,11/01/13,13,3
25264926,11/01/13,14,6
13468927,11/01/13,3,5
21407404,11/02/13,20,7
22309485,11/02/13,7,9
25238415,11/02/13,9,8
11776172,11/02/13,13,6
21417572,11/04/13,6,
21525878,11/04/13,9,1
13412464,11/04/13,10,10
22354581,11/05/13,17,10
24246777,11/05/13,20,8
25377036,11/05/13,17,1
15604677,11/05/13,12,1
22475819,11/06/13,5,3
22638509,11/06/13,10,6
23059419,11/06/13,13,4
23223736,11/06/13,9,6
23243058,11/06/13,11,3
25391833,11/06/13,4,9
25590763,11/06/13,10,10
21505656,11/07/13,5,6
11982356,11/07/13,20,10
14099543,11/07/13,2,10
24232414,11/08/13,12,2
11595868,11/08/13,16,5
12373016,11/08/13,8,1
15238226,11/09/13,4,10
15843979,11/09/13,7,4
21364758,11/11/13,3,8
21727818,11/11/13,18,1
22220306,11/11/13,12,
22871320,11/11/13,2,9
25690968,11/11/13,6,5
11948196,11/11/13,20,6
13253363,11/11/13,17,
13869215,11/11/13,13,9
21288793,11/12/13,13,9
21341762,11/12/13,11,5
23499281,11/12/13,17,6
25421797,11/12/13,13,1
15935172,11/12/13,16,1
21319533,11/13/13,11,2
22847029,11/13/13,4,7
23932669,11/13/13,10,5
23948146,11/13/13,16,
13098328,11/13/13,4,6
13453314,11/13/13,7,3
21347677,11/14/13,6,1
22361375,11/14/13,18,6
22664096,11/14/13,15,7
21835691,11/15/13,3,7
23951434,11/15/13,20,5
25881573,11/15/13,6,
13688620,11/15/13,5,2
22522918,11/16/13,18,8
24492967,11/16/13,17,1
14962578,11/16/13,13,6
23495515,11/17/13,14,6
24667673,11/17/13,2,5
21954205,11/18/13,1,9
24031061,11/18/13,18,3
11574228,11/18/13,7,2
12802538,11/18/13,11,4
14696412,11/18/13,14,5
21295215,11/19/13,15,9
21776729,11/19/13,11,3
22007462,11/19/13,17,1
22745392,11/19/13,12,7
22811578,11/19/13,2,9
22911640,11/19/13,5,6
25144015,11/19/13,15,4
25780552,11/19/13,2,4
22744518,11/20/13,16,3
23285003,11/20/13,12,1
24541341,11/20/13,7,
21072619,11/21/13,19,1
22548559,11/21/13,12,10
23302919,11/21/13,19,9
24065837,11/21/13,15,4
21532910,11/22/13,6,5
21534120,11/22/13,11,2
22364306,11/22/13,19,10
22795403,11/22/13,6,5
24301750,11/22/13,4,1
24670822,11/22/13,14,10
25988314,11/22/13,20,
14213400,11/22/13,15,3
21280086,11/24/13,8,6
24835750,11/24/13,2,10
22428576,11/25/13,4,7
22996255,11/25/13,11,4
23877962,11/25/13,1,10
23990773,11/25/13,8,6
24020783,11/25/13,3,8
25251413,11/25/13,4,1
25880767,11/25/13,12,6
13696646,11/25/13,16,7
21622008,11/26/13,11,1
22222698,11/26/13,7,2
14343143,11/26/13,20,5
22903666,11/27/13,7,5
24164026,11/27/13,1,5
24276357,11/27/13,4,1
21692384,11/28/13,11,2
23904236,11/28/13,1,6
24305617,11/28/13,6,2
24933394,11/28/13,10,3
25239444,11/28/13,19,3
12114169,11/28/13,3,
23152662,11/29/13,7,3
24846912,11/29/13,4,3
22062612,11/30/13,7,5
23787277,11/30/13,18,4
24034655,11/30/13,12,7
25226305,11/30/13,9,8
25537153,11/30/13,4,3
23467296,12/02/13,12,3
15130870,12/02/13,3,5
21337770,12/03/13,5,10
21667528,12/03/13,3,1
21668643,12/03/13,7,8
22964949,12/03/13,18,8
23825405,12/03/13,13,6
25195590,12/03/13,5,1
25902450,12/03/13,13,
25929247,12/03/13,1,3
22413873,12/04/13,11,
22571754,12/04/13,5,2
25377319,12/04/13,14,1
12720003,12/04/13,13,5
14993682,12/04/13,8,
15796785,12/04/13,14,8
21229178,12/05/13,5,9
21883688,12/05/13,2,9
24365500,12/05/13,15,8
25237504,12/05/13,11,3
25324776,12/05/13,9,5
24011169,12/06/13,6,8
24700994,12/06/13,13,2
23350486,12/07/13,9,7
25326756,12/07/13,10,7
25778561,12/07/13,17,3
25970074,12/07/13,12,4
21068972,12/09/13,15,3
22603153,12/09/13,18,4
23311089,12/09/13,2,6
23857907,12/09/13,13,7
24638107,12/09/13,13,
25056342,12/09/13,12,7
25905207,12/09/13,14,4
14204870,12/09/13,17,5
23046064,12/10/13,14,
23425110,12/10/13,13,5
24349332,12/10/13,1,1
24817383,12/10/13,16,2
13432584,12/10/13,12,4
22037410,12/11/13,20,2
24374499,12/11/13,12,2
24583195,12/11/13,2,3
15504949,12/11/13,4,5
22373889,12/12/13,11,2
23772553,12/12/13,4,
13060899,12/12/13,15,6
15438494,12/12/13,13,
21225665,12/13/13,4,
23105987,12/13/13,12,3
23505557,12/13/13,3,7
24283793,12/13/13,9,1
24416168,12/13/13,4,7
25455573,12/13/13,20,2
12598339,12/13/13,20,3
22048769,12/14/13,15,9
23977096,12/14/13,16,6
22979012,12/16/13,15,8
24160663,12/16/13,10,1
24548757,12/16/13,1,8
25673533,12/16/13,15,7
25802089,12/16/13,11,7
11464677,12/16/13,1,2
13358859,12/16/13,6,6
21247278,12/17/13,16,10
21874662,12/17/13,10,3
22162947,12/17/13,1,5
25103526,12/17/13,17,2
25939705,12/17/13,1,4
15519251,12/17/13,20,7
23764055,12/18/13,6,5
24568481,12/18/13,3,10
25656834,12/18/13,10,5
22173269,12/19/13,5,9
22212527,12/19/13,16,5
22316903,12/19/13,16,2
22368528,12/19/13,18,
23291561,12/19/13,12,9
24693450,12/19/13,13,6
24708384,12/19/13,12,1
14354136,12/19/13,16,8
21135793,12/20/13,2,2
21169960,12/20/13,18,6
21244276,12/20/13,10,2
22589732,12/20/13,18,8
25242886,12/20/13,2,6
25634442,12/20/13,14,8
11602546,12/20/13,13,9
13727227,12/20/13,17,4
14950041,12/20/13,5,5
23297532,12/23/13,16,5
23949502,12/23/13,11,2
24099908,12/23/13,8,5
24132276,12/23/13,14,5
21243709,12/24/13,18,3
21394541,12/24/13,1,7
13132916,12/24/13,1,6
13210394,12/24/13,2,
15152159,12/24/13,7,2
15913315,12/24/13,1,7
15950482,12/24/13,4,9
21172576,12/25/13,8,10
21948810,12/25/13,6,
23375106,12/25/13,4,10
23988133,12/25/13,2,6
12056803,12/25/13,1,
23501129,12/26/13,11,5
23767529,12/26/13,9,4
24653224,12/26/13,2,
11488039,12/26/13,14,7
12280110,12/26/13,3,9
14633267,12/26/13,11,7
21089110,12/27/13,2,3
22005146,12/27/13,9,1
22933065,12/27/13,13,7
23434989,12/27/13,4,2
25205188,12/28/13,17,
15470978,12/28/13,19,1
21679213,12/30/13,11,
22061669,12/30/13,10,9
24429605,12/30/13,4,5
12594219,12/30/13,20,2
23715629,12/31/13,10,6
23967063,12/31/13,14,
24468149,12/31/13,4,4
22283801,01/01/14,13,9
22774938,01/01/14,16,1
24158324,01/01/14,8,10
14810734,01/01/14,3,9
24058824,01/02/14,7,9
23507375,01/03/14,20,3
25474746,01/03/14,10,4
23085420,01/05/14,11,5
21012941,01/06/14,1,5
22998043,01/06/14,4,9
12907373,01/06/14,5,1
22478031,01/07/14,9,6
24000207,01/08/14,6,8
24387160,01/08/14,1,8
25500680,01/08/14,13,3
11428345,01/08/14,3,1
15919161,01/08/14,15,8
22286435,01/09/14,8,4
23424970,01/09/14,10,1
23499285,01/09/14,8,10
25514154,01/09/14,5,
13629752,01/09/14,17,1
15733804,01/09/14,13,10
25317155,01/10/14,14,
25693371,01/10/14,14,5
15016792,01/10/14,2,6
25375927,01/11/14,20,
24625663,01/13/14,10,8
25855273,01/13/14,11,9
21166113,01/14/14,6,3
22426190,01/14/14,11,9
22467627,01/14/14,16,7
22637201,01/14/14,16,7
23380674,01/14/14,9,1
25345830,01/14/14,20,7
21995148,01/15/14,4,3
24965996,01/15/14,5,5
11709193,01/15/14,11,1
22538935,01/16/14,12,4
23610236,01/16/14,7,1
24337039,01/16/14,14,8
25513140,01/16/14,13,8
22282871,01/17/14,19,9
22866560,01/17/14,9,3
25167464,01/17/14,2,
11678595,01/18/14,16,6
21285854,01/20/14,2,3
23290601,01/20/14,5,
23829945,01/20/14,6,8
11658709,01/20/14,6,3
12354924,01/20/14,5,1
21111200,01/21/14,6,9
21190374,01/21/14,4,7
23229561,01/21/14,11,4
23571990,01/21/14,8,2
24079805,01/21/14,18,6
24331796,01/21/14,14,2
25425236,01/21/14,11,3
21044116,01/22/14,1,10
21111594,01/22/14,4,9
21173448,01/22/14,20,
24433380,01/22/14,11,1
12305722,01/22/14,8,9
12342381,01/22/14,1,7
14272173,01/22/14,13,3
25077395,01/23/14,20,7
12152908,01/23/14,14,
22366626,01/24/14,17,4
23898009,01/24/14,3,8
24799283,01/24/14,20,9
12109178,01/24/14,20,
11725451,01/25/14,8,5
23571679,01/26/14,2,7
25075420,01/26/14,1,3
21031244,01/27/14,13,2
21197792,01/27/14,10,5
23371188,01/27/14,4,2
21309397,01/28/14,1,7
22067525,01/28/14,14,9
15966070,01/28/14,5,10
21666545,01/29/14,1,
24822413,01/29/14,15,2
12971226,01/29/14,16,4
14157324,01/29/14,15,8
22243017,01/30/14,9,3
21518275,01/31/14,18,6
21620754,01/31/14,4,6
24299662,01/31/14,15,4
25576647,01/31/14,18,
25706764,01/31/14,14,10
21530779,02/01/14,20,
24285009,02/03/14,11,4
25666077,02/03/14,5,9
25917022,02/03/14,1,2
12273520,02/04/14,18,3
24940256,02/05/14,11,1
25528295,02/05/14,1,5
23701138,02/06/14,7,
24035543,02/06/14,17,7
24143720,02/06/14,5,
24245910,02/06/14,1,5
21311038,02/07/14,14,7
23754715,02/07/14,6,6
24913372,02/07/14,7,1
25488768,02/07/14,5,
25951204,02/07/14,7,6
11559800,02/07/14,20,10
13150765,02/07/14,12,9
15935536,02/07/14,12,5
21016124,02/08/14,10,6
21107818,02/08/14,6,5
22995872,02/10/14,17,
23653593,02/10/14,1,5
24995013,02/10/14,3,5
14445923,02/10/14,9,8
21848240,02/11/14,19,
24369466,02/11/14,17,6
24472745,02/11/14,16,2
12449347,02/11/14,6,8
14920177,02/11/14,17,10
25081971,02/12/14,19,8
23221372,02/13/14,16,6
22829389,02/14/14,12,10
23185757,02/14/14,17,9
23967982,02/14/14,1,2
24297152,02/14/14,10,3
25205657,02/14/14,16,3
14432677,02/15/14,1,3
15261263,02/15/14,19,7
21656071,02/17/14,10,7
22623115,02/17/14,13,1
23404737,02/17/14,11,10
24229063,02/17/14,4,8
24329629,02/17/14,6,8
25041758,02/17/14,6,7
14774804,02/17/14,8,2
15928156,02/17/14,15,
23070667,02/20/14,20,6
25326009,02/20/14,11,9
15410813,02/20/14,4,3
15190106,02/21/14,14,8
21526550,02/22/14,8,1
22363123,02/22/14,6,9
23850519,02/23/14,8,
24978946,02/24/14,2,8
25749799,02/24/14,7,9
12988943,02/24/14,4,3
13393466,02/24/14,11,3
14809782,02/24/14,2,10
21178010,02/25/14,16,5
21833179,02/25/14,1,2
25272129,02/25/14,14,3
15284970,02/25/14,11,10
22739856,02/26/14,19,
25662666,02/26/14,20,
15268305,02/26/14,14,3
15613283,02/26/14,15,6
22398483,02/27/14,3,9
22457136,02/27/14,11,4
24089082,02/27/14,14,2
25298444,02/27/14,1,3
21082027,02/28/14,7,6
22280822,02/28/14,10,7
22557751,02/28/14,19,3
25252744,02/28/14,10,10
22387068,03/03/14,18,7
22546078,03/03/14,14,2
23288313,03/03/14,2,5
23512694,03/03/14,19,7
25464390,03/03/14,19,
21325616,03/04/14,9,4
21876230,03/04/14,20,8
22097725,03/04/14,9,8
24210004,03/04/14,12,4
25583177,03/04/14,5,
24478437,03/05/14,3,2
24588874,03/05/14,1,2
21150703,03/06/14,15,1
21345837,03/06/14,11,3
23941562,03/06/14,10,5
11201093,03/06/14,3,4
23848533,03/08/14,16,2
22397033,03/10/14,20,3
23421274,03/10/14,2,10
25119286,03/10/14,6,8
13675672,03/11/14,11,3
12181834,03/12/14,19,5
15162314,03/12/14,2,5
22899641,03/14/14,12,5
23432314,03/14/14,11,3
12122888,03/14/14,13,2
21179960,03/15/14,3,9
21480923,03/15/14,3,10
22301611,03/15/14,15,5
14194003,03/15/14,1,
21308719,03/17/14,17,5
25123839,03/17/14,8,5
11082723,03/17/14,3,5
14642454,03/17/14,9,3
24393845,03/18/14,19,1
25347900,03/18/14,19,5
25801819,03/18/14,8,1
14499061,03/18/14,14,3
21364039,03/19/14,12,8
22424949,03/19/14,2,2
22631855,03/19/14,5,2
11075109,03/19/14,9,10
22443168,03/20/14,3,2
22718788,03/21/14,11,6
24613373,03/21/14,20,4
24967939,03/21/14,12,10
25727003,03/21/14,15,1
25830221,03/22/14,7,8
23810974,03/23/14,15,9
24618917,03/24/14,14,4
12973778,03/24/14,4,9
23206195,03/25/14,12,5
24934407,03/25/14,18,9
23097580,03/26/14,4,2
23491817,03/26/14,16,10
11448315,03/26/14,15,5
23091695,03/27/14,7,7
23573530,03/27/14,17,
23426802,03/28/14,2,9
23472643,03/28/14,1,8
24682575,03/28/14,3,1
11914249,03/28/14,10,2
21872015,03/29/14,19,
15701429,03/29/14,9,6
23248216,03/31/14,13,5
23878729,03/31/14,12,9
23900205,04/01/14,15,7
24064307,04/01/14,1,
23223979,04/02/14,5,5
12321796,04/02/14,15,3
21681793,04/03/14,6,
23604759,04/03/14,18,3
25842530,04/03/14,2,10
11138719,04/03/14,10,4
15571171,04/03/14,16,3
23147119,04/04/14,8,6
15603908,04/04/14,17,6
13172570,04/05/14,20,3
22624465,04/06/14,19,6
23014144,04/06/14,2,9
21726240,04/07/14,16,5
22039034,04/07/14,3,4
25373989,04/07/14,18,8
25928432,04/07/14,3,8
13571683,04/07/14,19,5
23250104,04/08/14,6,7
23667834,04/09/14,17,3
24032097,04/09/14,8,5
22677112,04/10/14,2,5
24365132,04/10/14,20,
25229497,04/10/14,7,
25265060,04/10/14,12,10
22082412,04/11/14,11,5
14717813,04/12/14,2,4
15989338,04/12/14,20,8
22658079,04/13/14,16,7
25977467,04/13/14,9,8
11918237,04/13/14,18,6
21879971,04/14/14,18,6
22785118,04/14/14,13,6
23758334,04/14/14,15,5
25297792,04/14/14,16,8
13417928,04/14/14,12,7
23811628,04/15/14,8,10
25124272,04/15/14,10,5
15936992,04/15/14,5,6
21015287,04/16/14,5,1
21332952,04/16/14,1,4
22515763,04/16/14,15,1
25640080,04/16/14,12,8
21498386,04/17/14,15,8
23290145,04/17/14,5,1
12467233,04/17/14,7,10
12751929,04/17/14,3,8
12810229,04/17/14,9,1
22968300,04/18/14,13,6
22905780,04/19/14,18,5
23563838,04/19/14,3,2
23703813,04/19/14,3,1
24044571,04/19/14,18,7
24837605,04/19/14,12,9
12372877,04/20/14,2,9
21951445,04/21/14,6,5
23130547,04/21/14,15,9
23430575,04/21/14,16,8
11885187,04/21/14,15,4
11903822,04/21/14,13,9
23856656,04/23/14,13,3
23535439,04/24/14,9,7
25651770,04/24/14,11,6
25747773,04/24/14,9,6
21443883,04/25/14,12,8
25060319,04/25/14,15,6
11858801,04/25/14,15,3
15753646,04/25/14,5,4
22320221,04/26/14,3,1
23190273,04/26/14,9,3
24612740,04/26/14,16,9
25489270,04/26/14,18,8
15825471,04/26/14,13,2
22323716,04/28/14,7,8
12614983,04/28/14,9,1
21873734,04/29/14,7,9
21287554,04/30/14,10,9
24251554,04/30/14,5,9
25590364,04/30/14,6,9
11204575,04/30/14,6,8
12211383,04/30/14,2,9
22013796,05/01/14,16,2
23609825,05/01/14,15,1
24151895,05/01/14,3,6
21486090,05/02/14,15,10
21722822,05/02/14,19,5
21723873,05/02/14,3,8
25054547,05/02/14,5,5
25368780,05/02/14,16,10
11858881,05/02/14,1,3
13245851,05/02/14,7,5
14215027,05/02/14,16,5
21992981,05/03/14,5,2
23046961,05/03/14,4,10
25904288,05/03/14,14,9
11712246,05/03/14,6,4
21275947,05/05/14,6,6
24919879,05/06/14,4,3
21585323,05/07/14,4,10
24109088,05/07/14,5,6
24303897,05/07/14,5,10
21867993,05/08/14,20,2
22114988,05/08/14,15,3
22199059,05/08/14,17,7
22513617,05/08/14,12,3
25590313,05/08/14,3,
25693188,05/08/14,2,
21273017,05/09/14,13,
22665002,05/09/14,11,7
24401602,05/09/14,18,
24505254,05/09/14,2,3
25922411,05/09/14,15,9
11421719,05/09/14,1,6
14317175,05/09/14,8,6
21566594,05/10/14,3,2
22095035,05/10/14,14,7
23659838,05/10/14,15,10
14527626,05/10/14,13,2
21686107,05/12/14,1,2
12557034,05/12/14,17,3
12861098,05/13/14,12,7
22331802,05/14/14,7,
22991554,05/15/14,13,8
11985106,05/15/14,17,9
23736084,05/16/14,12,10
25925548,05/16/14,11,10
24430801,05/19/14,17,9
25241576,05/19/14,17,4
21054685,05/20/14,15,
22353233,05/20/14,8,4
21138814,05/21/14,7,10
21193193,05/21/14,2,1
11613159,05/21/14,20,4
22045351,05/22/14,14,4
23250343,05/22/14,1,8
23914489,05/23/14,16,2
25291112,05/23/14,3,9
21213914,05/24/14,12,6
23212447,05/24/14,19,9
25779828,05/24/14,10,7
23783003,05/26/14,20,8
25302686,05/26/14,14,2
12122369,05/26/14,15,1
22233840,05/27/14,17,7
25372716,05/27/14,15,
22318279,05/28/14,12,1
23283249,05/28/14,18,
21429134,05/29/14,2,1
21753356,05/29/14,1,8
22265679,05/29/14,20,3
23132105,05/29/14,14,2
25224253,05/29/14,16,5
21386555,05/30/14,2,3
23553827,05/30/14,14,9
24582301,05/30/14,12,7
21920688,05/31/14,16,5
23157402,06/02/14,17,1
24223822,06/02/14,19,1
11072003,06/02/14,15,2
21194421,06/03/14,13,6
21204770,06/03/14,16,1
22978156,06/03/14,20,
23317292,06/03/14,20,
23452497,06/03/14,3,8
23915684,06/03/14,7,8
25885922,06/03/14,8,8
21141847,06/04/14,5,9
21282315,06/04/14,5,2
21472055,06/04/14,9,10
22083963,06/04/14,9,6
22120735,06/04/14,14,7
23504841,06/04/14,13,8
24506815,06/04/14,19,7
21117642,06/05/14,6,5
21313311,06/05/14,17,5
23305787,06/05/14,16,10
24624372,06/05/14,7,
25781303,06/05/14,12,1
25479414,06/06/14,10,9
22965756,06/07/14,6,4
25468847,06/08/14,2,9
21209005,06/09/14,7,10
21272297,06/09/14,19,1
22178876,06/09/14,20,8
22818758,06/09/14,8,9
22979530,06/09/14,8,8
24023075,06/09/14,1,1
24107905,06/09/14,11,4
24393007,06/09/14,10,
24622860,06/09/14,18,2
21503928,06/10/14,19,4
23005382,06/10/14,1,1
23316142,06/10/14,14,5
23880005,06/10/14,5,
24055964,06/10/14,13,10
25263546,06/10/14,3,9
22567540,06/11/14,7,9
22731678,06/11/14,2,4
23035931,06/11/14,13,1
23078027,06/11/14,13,2
23327928,06/11/14,2,
23549128,06/11/14,7,7
24435694,06/11/14,13,7
24442693,06/11/14,20,7
24842025,06/11/14,1,2
15800736,06/11/14,5,5
21855692,06/12/14,12,5
25014640,06/12/14,5,10
25666305,06/12/14,15,10
13149554,06/12/14,13,6
21419291,06/13/14,18,3
22042093,06/13/14,8,6
22420090,06/13/14,16,3
13511710,06/13/14,19,8
21874741,06/14/14,18,5
25714196,06/14/14,11,1
22386692,06/15/14,1,3
22882418,06/16/14,8,8
22883279,06/16/14,19,10
24697376,06/16/14,3,3
12725928,06/16/14,2,7
14311078,06/16/14,11,4
14405777,06/16/14,12,6
22394101,06/17/14,6,1
23634447,06/17/14,7,2
24859001,06/17/14,8,9
24915939,06/17/14,15,9
21719561,06/18/14,6,1
22494639,06/18/14,19,3
23243241,06/18/14,13,
23412387,06/18/14,18,8
24018263,06/18/14,2,5
13322102,06/18/14,18,9
14142742,06/18/14,19,2
15245370,06/18/14,1,7
21366621,06/19/14,20,4
23669512,06/19/14,7,
12355834,06/19/14,15,6
22116393,06/20/14,9,2
23775925,06/20/14,20,
11147467,06/20/14,15,6
22943839,06/21/14,3,6
24634502,06/21/14,5,10
22210580,06/22/14,9,
21436831,06/23/14,15,3
21540903,06/23/14,2,1
23399721,06/23/14,3,8
23470135,06/23/14,9,9
23877277,06/23/14,8,
14598688,06/23/14,6,
21497718,06/24/14,8,3
22479976,06/24/14,2,9
23256320,06/24/14,14,8
23289229,06/24/14,16,7
23436418,06/24/14,2,
25724770,06/24/14,14,5
25766954,06/24/14,17,
12944328,06/24/14,4,2
13784057,06/24/14,15,3
22042578,06/25/14,1,2
23048733,06/25/14,13,6
23712711,06/25/14,3,2
23812608,06/25/14,12,1
24822929,06/25/14,16,
13037687,06/25/14,6,7
21000157,06/26/14,9,6
22958500,06/26/14,9,2
23078855,06/26/14,20,6
23413493,06/26/14,16,8
24180239,06/26/14,2,10
25066730,06/26/14,17,
25274666,06/26/14,6,2
25979556,06/26/14,16,7
11621950,06/26/14,2,8
14631909,06/26/14,17,5
21393638,06/27/14,3,10
23853688,06/27/14,12,9
24442179,06/27/14,19,6
24821212,06/27/14,5,7
24878149,06/27/14,13,6
25822421,06/27/14,6,7
14554442,06/27/14,14,4
21538808,06/30/14,10,2
22189069,06/30/14,5,7
25265328,06/30/14,11,
25272251,06/30/14,10,2
25296123,06/30/14,14,3
24361506,07/01/14,5,5
25022243,07/01/14,3,7
25100081,07/01/14,4,6
15100651,07/01/14,4,2
21470462,07/02/14,3,6
21324878,07/03/14,7,6
12508683,07/03/14,19,4
22677615,07/04/14,16,8
23096832,07/04/14,20,4
11388520,07/04/14,18,8
21009946,07/05/14,2,3
22623757,07/05/14,3,7
11619782,07/05/14,2,
21415600,07/07/14,16,10
24313718,07/07/14,2,5
25230839,07/07/14,3,7
25630136,07/07/14,15,5
13902227,07/07/14,3,2
24427159,07/08/14,18,6
12529211,07/09/14,20,9
21006059,07/10/14,10,2
23249626,07/10/14,20,6
13254948,07/10/14,13,2
13335279,07/10/14,10,3
23661350,07/11/14,18,5
23986366,07/11/14,16,6
24308323,07/13/14,14,10
21808409,07/14/14,3,10
23179581,07/14/14,20,5
25084020,07/14/14,14,
11555885,07/14/14,8,10
14461241,07/15/14,3,9
21027656,07/16/14,15,7
21359331,07/16/14,1,8
22578018,07/16/14,19,4
23388021,07/16/14,10,3
25378214,07/16/14,2,7
25795334,07/16/14,6,10
15784522,07/16/14,16,
11842643,07/17/14,5,10
24857180,07/18/14,19,4
25295631,07/18/14,15,6
15975833,07/19/14,3,7
23492406,07/21/14,8,1
23513084,07/22/14,1,3
23871836,07/22/14,6,8
15117864,07/22/14,10,1
21078296,07/24/14,12,5
12068457,07/24/14,17,7
15886628,07/24/14,4,8
23942625,07/26/14,14,9
25117456,07/26/14,17,2
21495807,07/27/14,7,2
22439745,07/28/14,8,5
22525492,07/28/14,14,8
24403671,07/28/14,19,6
25040315,07/28/14,12,9
25119760,07/28/14,13,2
22758807,07/29/14,17,5
22660866,07/30/14,14,10
24017894,07/30/14,10,
24451711,07/30/14,8,10
25374606,07/30/14,8,3
25705147,07/30/14,15,8
11885149,07/30/14,6,
12500344,07/30/14,1,3
21004183,07/31/14,20,6
21513855,07/31/14,20,2
21583833,07/31/14,3,5
24165651,07/31/14,2,8
24490505,07/31/14,7,5
25375749,07/31/14,19,8
25661706,07/31/14,7,6
21214245,08/01/14,3,5
23934686,08/01/14,11,
12328162,08/01/14,13,9
21080192,08/02/14,9,
21248018,08/02/14,13,8
21504792,08/02/14,14,7
21987504,08/02/14,6,3
22034971,08/02/14,20,9
22057259,08/02/14,3,8
24124074,08/02/14,11,7
25628331,08/02/14,11,8
11534186,08/02/14,8,5
14056621,08/02/14,11,3
23607035,08/03/14,12,7
24825158,08/03/14,3,5
21162801,08/04/14,2,9
21569434,08/04/14,3,10
21678899,08/04/14,20,
22629745,08/04/14,15,5
23031425,08/04/14,1,5
23610373,08/04/14,6,8
23986842,08/04/14,15,1
24699532,08/04/14,17,2
11525267,08/04/14,10,
12866257,08/04/14,11,9
25679681,08/05/14,6,7
13502743,08/05/14,16,6
15965314,08/05/14,11,7
21051601,08/06/14,16,3
21133803,08/06/14,12,8
21356130,08/06/14,20,3
21424904,08/06/14,15,5
21666831,08/06/14,5,10
24112364,08/06/14,14,7
25214699,08/06/14,16,8
25746112,08/06/14,15,
12542510,08/06/14,1,5
15792533,08/06/14,18,4
21136241,08/07/14,5,8
21182889,08/07/14,18,
22156896,08/07/14,17,9
22603261,08/07/14,2,1
23174376,08/07/14,17,8
24359397,08/07/14,5,2
11066820,08/07/14,2,8
11966077,08/07/14,6,7
12236061,08/07/14,20,5
12819680,08/07/14,1,3
21486384,08/08/14,13,3
22851130,08/08/14,20,3
23309259,08/08/14,6,
23786667,08/08/14,13,3
25933137,08/08/14,16,2
13396005,08/08/14,3,4
13831682,08/08/14,12,4
14939179,08/08/14,10,10
21766652,08/09/14,14,
24404985,08/09/14,19,1
15774753,08/09/14,14,6
21161715,08/11/14,4,
22648154,08/11/14,1,6
23263050,08/11/14,16,4
24347130,08/11/14,7,8
24594141,08/11/14,14,
24798738,08/11/14,15,7
12203094,08/11/14,11,9
14709866,08/11/14,15,9
22200615,08/12/14,13,7
22388184,08/12/14,19,10
25185744,08/12/14,18,
25247585,08/12/14,15,4
11995970,08/12/14,3,9
12595914,08/12/14,2,4
13503714,08/12/14,1,6
14474803,08/12/14,3,1
21029595,08/13/14,15,7
21350378,08/13/14,8,1
22512437,08/13/14,19,6
22804918,08/13/14,9,9
23995946,08/13/14,18,8
25199878,08/13/14,7,3
14483445,08/13/14,17,4
21325954,08/14/14,18,3
22445603,08/14/14,17,6
22638373,08/14/14,13,3
25079145,08/14/14,14,8
25204081,08/14/14,10,8
25989518,08/14/14,6,1
11612191,08/14/14,1,
15992832,08/14/14,12,6
23285193,08/15/14,14,8
24357731,08/15/14,13,8
25706242,08/15/14,15,9
13928010,08/15/14,6,3
15876251,08/15/14,6,9
21615264,08/16/14,10,1
25389384,08/16/14,8,5
25621218,08/16/14,3,2
11331498,08/16/14,17,2
14197253,08/16/14,16,7
21572368,08/18/14,1,4
22796185,08/18/14,11,1
23688258,08/18/14,10,3
23705262,08/18/14,11,5
24554406,08/18/14,5,10
25632446,08/18/14,9,2
11229866,08/18/14,10,8
12405375,08/18/14,5,7
12448536,08/18/14,12,10
21694278,08/19/14,17,8
22468556,08/19/14,17,1
22542619,08/19/14,17,7
25091205,08/19/14,18,8
25567912,08/19/14,15,3
13028672,08/19/14,11,2
13116089,08/19/14,8,10
21009423,08/20/14,8,4
21670293,08/20/14,18,10
23067703,08/20/14,15,2
24244280,08/20/14,6,7
24297997,08/20/14,15,10
24417507,08/20/14,3,7
25160909,08/20/14,13,2
12537559,08/20/14,14,
21053789,08/21/14,15,1
21559544,08/21/14,18,6
23629794,08/21/14,16,3
25163200,08/21/14,16,8
25860410,08/21/14,15,7
12254772,08/21/14,17,4
15786366,08/21/14,6,9
21012006,08/22/14,4,1
21120216,08/22/14,11,7
21577544,08/22/14,6,7
24515685,08/22/14,6,6
13090371,08/22/14,13,10
14180265,08/22/14,15,3
14533109,08/22/14,20,8
14905567,08/22/14,13,1
21532030,08/23/14,14,2
22846503,08/23/14,10,4
23852497,08/23/14,18,2
25591557,08/23/14,14,9
12928591,08/23/14,13,3
14055307,08/23/14,18,1
21723161,08/25/14,9,6
22379227,08/25/14,3,3
22611605,08/25/14,20,7
23185862,08/25/14,4,1
25225520,08/25/14,13,1
25794981,08/25/14,10,4
11860853,08/25/14,15,10
14038519,08/25/14,14,4
21113356,08/26/14,11,3
21275584,08/26/14,9,9
21822203,08/26/14,18,8
22012335,08/26/14,3,3
24486930,08/26/14,18,
25009576,08/26/14,16,
13734233,08/26/14,7,5
14405865,08/26/14,7,7
15912011,08/26/14,1,8
21928209,08/27/14,8,5
23405449,08/27/14,18,10
23636501,08/27/14,5,6
25748893,08/27/14,17,1
25981155,08/27/14,2,2
11431014,08/27/14,17,1
12544381,08/27/14,6,5
15630655,08/27/14,14,1
22033123,08/28/14,2,3
22228032,08/28/14,3,3
22959093,08/28/14,8,7
22981573,08/28/14,4,4
23099049,08/28/14,9,8
23560213,08/28/14,3,2
24043339,08/28/14,4,9
11405859,08/28/14,10,8
15592351,08/28/14,9,10
22390994,08/29/14,10,9
22522974,08/29/14,7,8
23307997,08/29/14,13,8
23994900,08/29/14,20,5
24383808,08/29/14,5,10
24722906,08/29/14,14,7
25392717,08/29/14,4,9
25530354,08/29/14,11,1
25732904,08/29/14,16,10
25949760,08/29/14,3,5
13949254,08/29/14,9,2
15624384,08/29/14,13,8
22667457,08/30/14,8,10
25444511,08/30/14,8,
23497227,08/31/14,7,10
21626952,09/01/14,7,
22890715,09/01/14,3,2
22901676,09/01/14,7,9
24592758,09/01/14,17,4
24660203,09/01/14,8,
25835827,09/01/14,3,5
11365674,09/01/14,1,6
21856774,09/02/14,15,9
22433620,09/02/14,11,1
24018632,09/02/14,5,2
24578544,09/02/14,15,
25170546,09/02/14,16,6
25665621,09/02/14,14,3
13941500,09/02/14,1,6
14304364,09/02/14,17,9
21540015,09/03/14,18,6
21931437,09/03/14,3,9
23648745,09/03/14,11,2
24022101,09/03/14,5,5
24768713,09/03/14,16,1
25405782,09/03/14,13,8
15418558,09/03/14,2,4
21511007,09/04/14,6,8
22105640,09/04/14,4,3
22411166,09/04/14,18,9
23549819,09/04/14,11,6
24000341,09/04/14,18,5
24030649,09/04/14,6,6
24070239,09/04/14,8,9
24192799,09/04/14,9,8
25385720,09/04/14,6,
11168526,09/04/14,3,4
21398657,09/05/14,7,10
23553145,09/05/14,10,4
24221464,09/05/14,19,7
11391329,09/05/14,4,4
14888679,09/05/14,2,1
21834054,09/06/14,3,5
21854100,09/06/14,7,10
22707054,09/06/14,5,5
22756281,09/06/14,9,7
25627432,09/06/14,6,6
21078928,09/08/14,8,
21183389,09/08/14,10,9
23129163,09/08/14,16,9
21136017,09/09/14,6,
25016250,09/09/14,18,6
25579300,09/09/14,9,6
11912413,09/09/14,5,2
12376562,09/09/14,16,5
15768200,09/09/14,2,3
21564471,09/10/14,6,1
21963124,09/10/14,6,5
23715669,09/10/14,12,8
24168626,09/10/14,10,
25400129,09/10/14,4,3
12674196,09/10/14,16,7
15502649,09/10/14,12,1
21578661,09/11/14,12,5
23406497,09/11/14,16,5
23733257,09/11/14,17,
24134792,09/11/14,3,3
24238956,09/11/14,15,1
24818116,09/11/14,5,1
25332989,09/11/14,18,7
25617990,09/11/14,19,3
12984755,09/11/14,4,4
21472763,09/12/14,4,
23407020,09/12/14,9,7
24603315,09/12/14,2,
25582426,09/12/14,17,2
25625908,09/12/14,9,8
14007032,09/12/14,18,8
22548169,09/13/14,5,8
14801093,09/13/14,12,8
21601908,09/15/14,17,1
21980416,09/15/14,13,6
22992535,09/15/14,13,10
23066003,09/15/14,13,4
13944375,09/15/14,11,4
14421359,09/15/14,12,1
21474425,09/16/14,16,10
21969776,09/16/14,5,9
22790834,09/16/14,2,8
22888762,09/16/14,19,8
22901069,09/16/14,3,2
23240614,09/16/14,1,3
23738099,09/16/14,19,7
24783477,09/16/14,20,3
25395911,09/16/14,12,3
12147306,09/16/14,17,5
12712309,09/16/14,18,6
13581068,09/16/14,17,1
15269744,09/16/14,16,8
23519773,09/17/14,8,8
23555631,09/17/14,2,7
24138124,09/17/14,13,6
24951531,09/17/14,16,1
25423169,09/17/14,2,10
11813491,09/17/14,19,4
22332746,09/18/14,16,1
22484644,09/18/14,6,3
22735083,09/18/14,11,2
25762425,09/18/14,2,4
25991471,09/18/14,3,3
14749412,09/18/14,4,7
21913133,09/19/14,9,10
22644181,09/19/14,14,1
22672618,09/19/14,20,9
22785398,09/19/14,10,8
23079041,09/19/14,13,5
24087068,09/19/14,6,8
12028606,09/19/14,17,3
14157824,09/19/14,11,
24385660,09/20/14,12,10
24789132,09/20/14,10,3
24863518,09/20/14,15,5
22122175,09/21/14,2,3
22591706,09/22/14,20,3
23846644,09/22/14,18,2
24763267,09/22/14,2,5
21338508,09/23/14,20,2
22683001,09/23/14,13,7
23719722,09/23/14,4,8
23957750,09/23/14,2,7
24375159,09/23/14,11,8
24638849,09/23/14,3,3
15003239,09/23/14,17,3
25852851,09/24/14,6,6
15465876,09/24/14,7,2
22670477,09/25/14,12,4
23130087,09/25/14,8,8
23331248,09/25/14,2,8
24438910,09/25/14,6,9
24531898,09/25/14,2,9
24671622,09/25/14,20,7
24672600,09/25/14,17,9
21256106,09/26/14,16,4
22400163,09/26/14,2,3
23499273,09/26/14,3,5
12332803,09/26/14,16,8
12555028,09/26/14,12,5
12637531,09/26/14,14,9
15044898,09/26/14,13,
15379132,09/26/14,6,5
21277554,09/27/14,17,6
13261574,09/27/14,5,4
14273010,09/27/14,18,10
24957212,09/28/14,14,2
21922828,09/29/14,8,5
22299862,09/29/14,7,1
23187939,09/29/14,6,
23451249,09/29/14,17,6
24538840,09/29/14,18,8
21160253,09/30/14,6,4
22039846,09/30/14,12,
22495243,09/30/14,3,7
24859567,09/30/14,15,9
13613065,09/30/14,16,9
15204858,09/30/14,16,9
25444640,10/01/14,5,7
13798415,10/01/14,7,4
15984498,10/01/14,18,5
21703772,10/02/14,14,8
23273293,10/02/14,6,6
21048212,10/03/14,9,5
23346135,10/03/14,1,6
14574180,10/03/14,7,8
22704192,10/05/14,5,5
23993955,10/06/14,8,4
25478126,10/06/14,6,6
13434385,10/06/14,16,
23898681,10/07/14,6,5
24418227,10/07/14,5,6
25093339,10/07/14,8,6
21913487,10/08/14,10,3
22919686,10/08/14,15,
25887865,10/09/14,12,3
22951493,10/10/14,12,7
24309042,10/10/14,3,6
12224336,10/10/14,20,9
21201733,10/11/14,19,2
21122320,10/13/14,13,2
22022735,10/13/14,2,7
22175949,10/13/14,8,
22673022,10/13/14,5,2
23935353,10/13/14,12,7
24971381,10/13/14,7,8
25359952,10/13/14,16,3
12902671,10/13/14,6,6
13974418,10/13/14,12,7
22151781,10/14/14,8,5
24272383,10/14/14,5,6
25896804,10/14/14,1,1
22538638,10/15/14,16,6
24876174,10/15/14,11,10
22441398,10/16/14,3,
23197699,10/16/14,7,9
21618066,10/17/14,4,3
23229402,10/17/14,7,
12851933,10/17/14,3,3
22982781,10/18/14,14,7
21026046,10/20/14,15,1
21637041,10/20/14,17,3
24108009,10/20/14,14,6
25733282,10/20/14,9,8
25952770,10/20/14,8,6
12540551,10/20/14,5,
21204900,10/21/14,1,7
22194172,10/21/14,20,
24808091,10/22/14,13,9
22794530,10/23/14,16,3
22963892,10/23/14,16,10
23582654,10/23/14,11,3
24341309,10/23/14,3,10
25200052,10/23/14,10,6
21139892,10/24/14,12,6
23484812,10/24/14,10,9
23645637,10/24/14,16,6
25326420,10/24/14,13,1
25485209,10/24/14,18,10
11471541,10/24/14,6,2
22418647,10/27/14,20,
11691611,10/27/14,18,8
25283796,10/28/14,12,2
21036954,10/29/14,3,1
22591069,10/29/14,17,8
23232372,10/29/14,16,6
21354154,10/30/14,9,1
21710298,10/30/14,14,6
25505620,10/30/14,11,4
25915369,10/30/14,18,3
15704985,10/30/14,12,8
21981492,10/31/14,1,5
14082207,10/31/14,7,6
14973421,10/31/14,7,6
23744244,11/01/14,5,5
25298968,11/01/14,8,1
23986128,11/02/14,18,
21667007,11/03/14,10,8
11866474,11/03/14,6,3
12658711,11/03/14,7,10
14099324,11/03/14,4,2
24535198,11/04/14,12,6
25507713,11/04/14,3,2
25574162,11/04/14,16,2
12126630,11/04/14,9,2
22416409,11/05/14,11,
22455390,11/05/14,17,
24737924,11/05/14,1,5
25239688,11/05/14,6,1
25900887,11/05/14,13,4
21779830,11/06/14,6,10
22413465,11/06/14,16,
22997259,11/06/14,10,2
24218857,11/06/14,20,3
13178156,11/06/14,18,3
21117053,11/07/14,1,8
22015673,11/07/14,16,
22574091,11/07/14,8,4
23361384,11/07/14,20,8
24039189,11/07/14,5,8
24067367,11/07/14,9,7
24319234,11/07/14,5,3
25265462,11/07/14,17,
25838092,11/07/14,20,7
15707545,11/07/14,9,2
22504689,11/08/14,2,2
22728343,11/08/14,5,1
23606209,11/08/14,17,8
24187907,11/08/14,1,3
22107262,11/10/14,15,2
22638645,11/10/14,19,9
23388526,11/10/14,12,4
23405973,11/10/14,20,2
23626252,11/10/14,6,1
23730302,11/10/14,10,10
25218104,11/10/14,14,7
25527878,11/10/14,14,6
25890715,11/10/14,4,4
12242266,11/10/14,18,6
21631439,11/11/14,9,8
24147771,11/11/14,6,2
24226673,11/11/14,9,6
25773112,11/11/14,10,2
15088882,11/11/14,18,
23977309,11/12/14,15,5
24937476,11/12/14,11,4
25160531,11/12/14,7,1
25437739,11/12/14,11,6
25813987,11/12/14,12,2
25831908,11/12/14,18,2
13438902,11/12/14,16,4
15319822,11/12/14,18,
22999171,11/13/14,17,6
23984983,11/13/14,1,3
11978058,11/13/14,4,2
14674372,11/13/14,9,2
14834701,11/13/14,6,4
21112955,11/14/14,1,8
21178688,11/14/14,1,
25688470,11/14/14,5,7
21251866,11/15/14,1,2
21757411,11/15/14,15,8
22637929,11/15/14,1,6
23443954,11/15/14,6,4
23808861,11/15/14,1,4
24616921,11/16/14,9,3
21385362,11/17/14,7,2
21648769,11/17/14,5,3
22523142,11/17/14,3,4
22653092,11/17/14,18,8
23277356,11/17/14,13,4
25813135,11/17/14,3,1
12840952,11/17/14,9,1
14046490,11/17/14,17,10
14365710,11/17/14,12,9
15669188,11/17/14,18,1
21378862,11/18/14,17,2
22505511,11/18/14,17,7
23004984,11/18/14,10,4
24041713,11/18/14,13,3
24147581,11/18/14,4,10
24185972,11/18/14,11,7
13296819,11/18/14,9,1
14529316,11/18/14,10,7
23538542,11/19/14,6,1
23785216,11/19/14,18,9
24295205,11/19/14,11,4
24869579,11/19/14,2,6
11003060,11/19/14,6,1
12835973,11/19/14,5,5
22221182,11/20/14,15,6
23800209,11/20/14,6,3
25234785,11/20/14,3,8
25812283,11/20/14,1,1
25891109,11/20/14,9,1
13280659,11/20/14,4,7
15062587,11/20/14,4,
21976630,11/21/14,16,2
22139416,11/21/14,20,5
22888626,11/21/14,13,8
23059328,11/21/14,14,9
11874749,11/21/14,19,10
22440513,11/22/14,8,10
24111468,11/23/14,18,9
22845977,11/24/14,8,6
22947135,11/24/14,19,10
24110080,11/24/14,6,
12372538,11/24/14,8,2
15637241,11/24/14,3,2
15726048,11/24/14,1,5
21193407,11/25/14,19,6
22445609,11/25/14,6,8
23223817,11/25/14,1,1
25282298,11/25/14,8,8
25561807,11/25/14,18,
25784412,11/25/14,8,1
25802920,11/25/14,1,8
25916334,11/25/14,15,1
21006842,11/26/14,8,1
23627192,11/26/14,5,9
23875755,11/26/14,1,2
24777800,11/26/14,15,1
12009199,11/26/14,1,
21280356,11/27/14,5,1
22406018,11/27/14,2,3
23243676,11/27/14,5,10
23860822,11/27/14,4,6
24535588,11/27/14,5,
25166372,11/27/14,6,10
12180850,11/27/14,17,3
23540255,11/28/14,14,1
12597250,11/28/14,18,6
15184244,11/28/14,19,3
15393609,11/28/14,9,3
21367750,11/29/14,19,10
23745756,11/29/14,11,8
13247759,11/29/14,2,8
21831907,12/01/14,11,9
22751060,12/01/14,10,4
23501792,12/01/14,19,1
25458150,12/01/14,11,3
22810919,12/02/14,9,9
23488377,12/02/14,18,5
23503285,12/02/14,4,
25067504,12/02/14,6,6
12226547,12/02/14,8,9
13830887,12/02/14,5,4
23794754,12/03/14,15,5
24245621,12/03/14,7,7
24318151,12/03/14,3,8
21110806,12/04/14,2,7
21627638,12/04/14,20,5
22458882,12/04/14,1,8
22879883,12/04/14,8,9
12304556,12/04/14,15,5
15237848,12/04/14,8,1
15563463,12/04/14,4,2
24098716,12/05/14,19,9
24189917,12/05/14,17,7
25240921,12/05/14,18,1
12655984,12/05/14,10,1
13118491,12/05/14,14,3
13184181,12/05/14,17,2
13843729,12/05/14,4,8
24878327,12/06/14,9,5
25943694,12/06/14,10,2
15907335,12/06/14,3,4
14540740,12/07/14,20,8
23133751,12/08/14,1,3
24131647,12/08/14,5,3
25767912,12/08/14,1,1
12979676,12/08/14,1,2
14756774,12/08/14,4,6
22375662,12/09/14,6,4
24164642,12/09/14,18,
25206561,12/09/14,7,3
11207126,12/09/14,12,9
14213586,12/09/14,11,9
14809306,12/09/14,5,3
22018081,12/10/14,12,2
23782433,12/10/14,18,5
24387264,12/10/14,10,6
24714649,12/10/14,13,9
11325278,12/10/14,9,5
25275437,12/11/14,15,3
25664853,12/11/14,1,3
21475385,12/12/14,19,9
22106732,12/12/14,3,4
23028437,12/12/14,10,1
24920624,12/12/14,6,3
25269284,12/12/14,11,9
25629423,12/12/14,9,1
25975016,12/12/14,18,1
13263308,12/12/14,4,10
23241942,12/13/14,3,
23930752,12/13/14,8,1
24865613,12/13/14,12,10
25759001,12/13/14,10,
15741451,12/14/14,18,9
22286229,12/15/14,14,5
24252380,12/15/14,6,
25481990,12/15/14,19,8
25605089,12/15/14,19,9
11792968,12/15/14,9,8
15410095,12/15/14,18,3
21817870,12/16/14,4,2
22468091,12/16/14,19,7
23655961,12/16/14,5,4
24639645,12/16/14,13,7
25735654,12/16/14,17,6
11737279,12/16/14,9,5
12436545,12/16/14,18,4
14010610,12/16/14,1,3
21010305,12/17/14,14,9
21734818,12/17/14,9,1
24012309,12/17/14,17,8
25292672,12/17/14,14,5
13434836,12/17/14,19,10
21085728,12/18/14,9,4
21933744,12/18/14,5,1
22697033,12/18/14,13,3
22785519,12/18/14,10,1
23150351,12/18/14,7,9
25547121,12/18/14,19,1
21119560,12/19/14,10,5
21311351,12/19/14,1,9
21984595,12/19/14,15,10
22271414,12/19/14,7,1
22860064,12/19/14,12,9
23019536,12/19/14,12,6
23240549,12/19/14,11,4
24177777,12/19/14,12,8
24626156,12/19/14,7,10
24790238,12/19/14,12,2
11390635,12/20/14,2,5
15534774,12/20/14,19,7
22785434,12/22/14,14,5
25566428,12/22/14,3,4
23674190,12/23/14,9,4
25449438,12/23/14,3,7
11768456,12/23/14,10,
21205292,12/24/14,17,8
21856946,12/24/14,1,5
22385129,12/24/14,8,6
22421154,12/24/14,14,6
22572542,12/24/14,7,1
23638264,12/24/14,20,10
25319388,12/24/14,4,10
15244847,12/24/14,11,2
21581942,12/25/14,20,
21871238,12/25/14,5,
22364837,12/25/14,19,8
22524646,12/25/14,15,8
23444885,12/25/14,4,
23455098,12/25/14,19,9
23954413,12/25/14,20,1
24136794,12/25/14,7,1
24689230,12/25/14,15,1
11420868,12/25/14,9,5
15192801,12/25/14,19,5
21783355,12/26/14,15,4
22226967,12/26/14,8,10
23454494,12/26/14,19,9
24576851,12/26/14,17,3
24706940,12/26/14,4,4
25205023,12/26/14,17,5
25314666,12/26/14,13,7
25784467,12/26/14,12,10
12208571,12/26/14,15,6
14907444,12/26/14,11,7
15113824,12/26/14,18,10
15217096,12/26/14,8,2
23538315,12/27/14,16,6
24917515,12/27/14,4,6
14046179,12/27/14,5,1
14560369,12/27/14,10,8
25366847,12/28/14,1,2
21956763,12/29/14,14,2
22688044,12/29/14,3,7
23881453,12/29/14,3,2
24107155,12/29/14,8,4
25861616,12/29/14,9,1
12245117,12/29/14,16,3
12362249,12/29/14,8,7
15778325,12/29/14,10,1
21083419,12/30/14,3,8
23776783,12/30/14,11,
24134163,12/30/14,15,2
24443552,12/30/14,20,6
24675868,12/30/14,12,9
15517515,12/30/14,10,3
21695428,12/31/14,6,9
22815584,12/31/14,11,7
23458802,12/31/14,20,3
23638865,12/31/14,13,8
24785777,12/31/14,2,6
13715679,12/31/14,20,10
